Time,X,Y,Z,U3
-1.651805204028416,0.29488391230979427,-1.8476918269240126,1.444587159388004,1.648992381370997
-1.651805204028416,0.29488391230979427,0.649189020270599,1.444587159388004,1.648992381370997
-1.651805204028416,0.29488391230979427,-1.8476918269240126,-1.2305742468860774,1.648992381370997
-1.651805204028416,-3.391164991562634,0.649189020270599,1.444587159388004,1.648992381370997
-1.651805204028416,-3.391164991562634,0.649189020270599,-1.2305742468860774,1.648992381370997
-1.651805204028416,-3.391164991562634,-1.8476918269240126,1.444587159388004,1.648992381370997
-1.651805204028416,0.29488391230979427,-1.3483156574850903,1.444587159388004,1.648992381370997
-1.651805204028416,0.29488391230979427,-0.8489394880461679,1.444587159388004,1.648992381370997
-1.651805204028416,0.29488391230979427,0.1498128508316767,1.444587159388004,1.648992381370997
-1.651805204028416,0.29488391230979427,0.649189020270599,1.3554151125122011,1.648992381370997
-1.651805204028416,0.29488391230979427,0.649189020270599,1.2662430656363985,1.648992381370997
-1.651805204028416,0.29488391230979427,0.649189020270599,1.0878989718847931,1.648992381370997
-1.651805204028416,0.29488391230979427,0.649189020270599,0.9987269250089903,1.648992381370997
-1.651805204028416,0.29488391230979427,0.649189020270599,0.9095548781331876,1.648992381370997
-1.651805204028416,0.29488391230979427,0.649189020270599,0.7312107843815822,1.648992381370997
-1.651805204028416,0.29488391230979427,0.649189020270599,0.5528666906299768,1.648992381370997
-1.651805204028416,0.29488391230979427,0.649189020270599,0.28535055000256865,1.648992381370997
-1.651805204028416,0.29488391230979427,0.649189020270599,0.19617850312676596,1.648992381370997
-1.651805204028416,0.29488391230979427,0.649189020270599,0.10700645625096325,1.648992381370997
-1.651805204028416,0.29488391230979427,0.649189020270599,0.01783440937516054,1.648992381370997
-1.651805204028416,0.29488391230979427,0.649189020270599,-0.16050968437644486,1.648992381370997
-1.651805204028416,0.29488391230979427,0.649189020270599,-0.24968173125224757,1.648992381370997
-1.651805204028416,0.29488391230979427,0.649189020270599,-0.3388537781280503,1.648992381370997
-1.651805204028416,0.29488391230979427,0.649189020270599,-0.428025825003853,1.648992381370997
-1.651805204028416,0.29488391230979427,0.649189020270599,-0.5171978718796557,1.648992381370997
-1.651805204028416,0.29488391230979427,0.649189020270599,-0.6063699187554584,1.648992381370997
-1.651805204028416,0.29488391230979427,0.649189020270599,-0.7847140125070639,1.648992381370997
-1.651805204028416,0.29488391230979427,0.649189020270599,-0.8738860593828666,1.648992381370997
-1.651805204028416,0.29488391230979427,0.649189020270599,-1.052230153134472,1.648992381370997
-1.651805204028416,0.29488391230979427,0.1498128508316767,-1.2305742468860774,1.648992381370997
-1.651805204028416,0.29488391230979427,-1.3483156574850903,-1.2305742468860774,1.648992381370997
-1.651805204028416,0.29488391230979427,-1.8476918269240126,-1.1414022000102746,1.648992381370997
-1.651805204028416,0.29488391230979427,-1.8476918269240126,-1.052230153134472,1.648992381370997
-1.651805204028416,0.29488391230979427,-1.8476918269240126,-0.9630581062586693,1.648992381370997
-1.651805204028416,0.29488391230979427,-1.8476918269240126,-0.8738860593828666,1.648992381370997
-1.4858071831366269,0.29488391230979427,-1.8476918269240126,1.444587159388004,1.483628754245372
-1.4858071831366269,0.29488391230979427,0.649189020270599,1.444587159388004,1.483628732310226
-1.4858071831366269,0.29488391230979427,-1.8476918269240126,-1.2305742468860774,1.483628657730729
-1.4858071831366269,-3.391164991562634,0.649189020270599,1.444587159388004,1.4836286182474658
-1.4858071831366269,-3.391164991562634,0.649189020270599,-1.2305742468860774,1.4836285831512321
-1.4858071831366269,-3.391164991562634,-1.8476918269240126,1.444587159388004,1.483628565603115
-1.4858071831366269,0.29488391230979427,-1.3483156574850903,1.444587159388004,1.4836284383792673
-1.4858071831366269,0.29488391230979427,-0.8489394880461679,1.444587159388004,1.4836283637997703
-1.4858071831366269,0.29488391230979427,0.1498128508316767,1.444587159388004,1.483628754245372
-1.4858071831366269,0.29488391230979427,0.649189020270599,1.3554151125122011,1.4836287191491382
-1.4858071831366269,0.29488391230979427,0.649189020270599,1.2662430656363985,1.483628679665875
-1.4858071831366269,0.29488391230979427,0.649189020270599,1.0878989718847931,1.483628622634495
-1.4858071831366269,0.29488391230979427,0.649189020270599,0.9987269250089903,1.4836285963123197
-1.4858071831366269,0.29488391230979427,0.649189020270599,0.9095548781331876,1.4836285436679688
-1.4858071831366269,0.29488391230979427,0.649189020270599,0.7312107843815822,1.4836284296052087
-1.4858071831366269,0.29488391230979427,0.649189020270599,0.5528666906299768,1.483628346251653
-1.4858071831366269,0.29488391230979427,0.649189020270599,0.28535055000256865,1.4836286884399337
-1.4858071831366269,0.29488391230979427,0.649189020270599,0.19617850312676596,1.4836286182474658
-1.4858071831366269,0.29488391230979427,0.649189020270599,0.10700645625096325,1.4836286050863783
-1.4858071831366269,0.29488391230979427,0.649189020270599,0.01783440937516054,1.4836285831512321
-1.4858071831366269,0.29488391230979427,0.649189020270599,-0.16050968437644486,1.4836284690884718
-1.4858071831366269,0.29488391230979427,0.649189020270599,-0.24968173125224757,1.4836284296052087
-1.4858071831366269,0.29488391230979427,0.649189020270599,-0.3388537781280503,1.4836283769608578
-1.4858071831366269,0.29488391230979427,0.649189020270599,-0.428025825003853,1.4836283594127408
-1.4858071831366269,0.29488391230979427,0.649189020270599,-0.5171978718796557,1.4836287630194307
-1.4858071831366269,0.29488391230979427,0.649189020270599,-0.6063699187554584,1.4836287103750798
-1.4858071831366269,0.29488391230979427,0.649189020270599,-0.7847140125070639,1.483628622634495
-1.4858071831366269,0.29488391230979427,0.649189020270599,-0.8738860593828666,1.4836285963123197
-1.4858071831366269,0.29488391230979427,0.649189020270599,-1.052230153134472,1.4836284997976765
-1.4858071831366269,0.29488391230979427,0.1498128508316767,-1.2305742468860774,1.4836284032830331
-1.4858071831366269,0.29488391230979427,-1.3483156574850903,-1.2305742468860774,1.483628754245372
-1.4858071831366269,0.29488391230979427,-1.8476918269240126,-1.1414022000102746,1.4836287016010212
-1.4858071831366269,0.29488391230979427,-1.8476918269240126,-1.052230153134472,1.483628679665875
-1.4858071831366269,0.29488391230979427,-1.8476918269240126,-0.9630581062586693,1.483628622634495
-1.4858071831366269,0.29488391230979427,-1.8476918269240126,-0.8738860593828666,1.4836285436679688
-1.3213662619900026,0.29488391230979427,-1.8476918269240126,1.444587159388004,1.3198216012223016
-1.3213662619900026,0.29488391230979427,0.649189020270599,1.444587159388004,1.3198203465319402
-1.3213662619900026,0.29488391230979427,-1.8476918269240126,-1.2305742468860774,1.3198174993499663
-1.3213662619900026,-3.391164991562634,0.649189020270599,1.444587159388004,1.3198159726637921
-1.3213662619900026,-3.391164991562634,0.649189020270599,-1.2305742468860774,1.3198147135864016
-1.3213662619900026,-3.391164991562634,-1.8476918269240126,1.444587159388004,1.3198131912872566
-1.3213662619900026,0.29488391230979427,-1.3483156574850903,1.444587159388004,1.319810458168043
-1.3213662619900026,0.29488391230979427,-0.8489394880461679,1.444587159388004,1.319809010448395
-1.3213662619900026,0.29488391230979427,0.1498128508316767,1.444587159388004,1.3198217459942665
-1.3213662619900026,0.29488391230979427,0.649189020270599,1.3554151125122011,1.3198204298854959
-1.3213662619900026,0.29488391230979427,0.649189020270599,1.2662430656363985,1.319819056745345
-1.3213662619900026,0.29488391230979427,0.649189020270599,1.0878989718847931,1.319816249046634
-1.3213662619900026,0.29488391230979427,0.649189020270599,0.9987269250089903,1.3198149504859804
-1.3213662619900026,0.29488391230979427,0.649189020270599,0.9095548781331876,1.3198133799295138
-1.3213662619900026,0.29488391230979427,0.649189020270599,0.7312107843815822,1.3198106775195046
-1.3213662619900026,0.29488391230979427,0.649189020270599,0.5528666906299768,1.3198079005299983
-1.3213662619900026,0.29488391230979427,0.649189020270599,0.28535055000256865,1.319819298031953
-1.3213662619900026,0.29488391230979427,0.649189020270599,0.19617850312676596,1.3198180038583285
-1.3213662619900026,0.29488391230979427,0.649189020270599,0.10700645625096325,1.3198165780738267
-1.3213662619900026,0.29488391230979427,0.649189020270599,0.01783440937516054,1.3198151786115007
-1.3213662619900026,0.29488391230979427,0.649189020270599,-0.16050968437644486,1.3198123138814095
-1.3213662619900026,0.29488391230979427,0.649189020270599,-0.24968173125224757,1.3198108091303817
-1.3213662619900026,0.29488391230979427,0.649189020270599,-0.3388537781280503,1.3198095105697278
-1.3213662619900026,0.29488391230979427,0.649189020270599,-0.428025825003853,1.3198081769128402
-1.3213662619900026,0.29488391230979427,0.649189020270599,-0.5171978718796557,1.3198222899858916
-1.3213662619900026,0.29488391230979427,0.649189020270599,-0.6063699187554584,1.3198209300068287
-1.3213662619900026,0.29488391230979427,0.649189020270599,-0.7847140125070639,1.3198180652767377
-1.3213662619900026,0.29488391230979427,0.649189020270599,-0.8738860593828666,1.3198166438792653
-1.3213662619900026,0.29488391230979427,0.649189020270599,-1.052230153134472,1.3198138625027298
-1.3213662619900026,0.29488391230979427,0.1498128508316767,-1.2305742468860774,1.3198111600927205
-1.3213662619900026,0.29488391230979427,-1.3483156574850903,-1.2305742468860774,1.3198224786281487
-1.3213662619900026,0.29488391230979427,-1.8476918269240126,-1.1414022000102746,1.3198210747787935
-1.3213662619900026,0.29488391230979427,-1.8476918269240126,-1.052230153134472,1.3198196972516134
-1.3213662619900026,0.29488391230979427,-1.8476918269240126,-0.9630581062586693,1.3198184864315443
-1.3213662619900026,0.29488391230979427,-1.8476918269240126,-0.8738860593828666,1.319816863230727
-1.155363495182632,0.29488391230979427,-1.8476918269240126,1.444587159388004,1.1545147422549875
-1.155363495182632,0.29488391230979427,0.649189020270599,1.444587159388004,1.154489165874543
-1.155363495182632,0.29488391230979427,-1.8476918269240126,-1.2305742468860774,1.1544381008542388
-1.155363495182632,-3.391164991562634,0.649189020270599,1.444587159388004,1.154412348992625
-1.155363495182632,-3.391164991562634,0.649189020270599,-1.2305742468860774,1.1543868164824729
-1.155363495182632,-3.391164991562634,-1.8476918269240126,1.444587159388004,1.1543611523614437
-1.155363495182632,0.29488391230979427,-1.3483156574850903,1.444587159388004,1.154310131211432
-1.155363495182632,0.29488391230979427,-0.8489394880461679,1.444587159388004,1.1542843135443792
-1.155363495182632,0.29488391230979427,0.1498128508316767,1.444587159388004,1.1545269820665551
-1.155363495182632,0.29488391230979427,0.649189020270599,1.3554151125122011,1.1545012740752338
-1.155363495182632,0.29488391230979427,0.649189020270599,1.2662430656363985,1.154475917046251
-1.155363495182632,0.29488391230979427,0.649189020270599,1.0878989718847931,1.1544247204150697
-1.155363495182632,0.29488391230979427,0.649189020270599,0.9987269250089903,1.1543991879049176
-1.155363495182632,0.29488391230979427,0.649189020270599,0.9095548781331876,1.1543734360433038
-1.155363495182632,0.29488391230979427,0.649189020270599,0.7312107843815822,1.1543223710229995
-1.155363495182632,0.29488391230979427,0.649189020270599,0.5528666906299768,1.154270998910649
-1.155363495182632,0.29488391230979427,0.649189020270599,0.28535055000256865,1.154488156857819
-1.155363495182632,0.29488391230979427,0.649189020270599,0.19617850312676596,1.154462536607082
-1.155363495182632,0.29488391230979427,0.649189020270599,0.10700645625096325,1.1544370918375146
-1.155363495182632,0.29488391230979427,0.649189020270599,0.01783440937516054,1.1544112083650238
-1.155363495182632,0.29488391230979427,0.649189020270599,-0.16050968437644486,1.1543601872150118
-1.155363495182632,0.29488391230979427,0.649189020270599,-0.24968173125224757,1.1543344353533977
-1.155363495182632,0.29488391230979427,0.649189020270599,-0.3388537781280503,1.1543089467135381
-1.155363495182632,0.29488391230979427,0.649189020270599,-0.428025825003853,1.1542833922682398
-1.155363495182632,0.29488391230979427,0.649189020270599,-0.5171978718796557,1.154551593300568
-1.155363495182632,0.29488391230979427,0.649189020270599,-0.6063699187554584,1.154525973049831
-1.155363495182632,0.29488391230979427,0.649189020270599,-0.7847140125070639,1.1544747764186496
-1.155363495182632,0.29488391230979427,0.649189020270599,-0.8738860593828666,1.1544492000382052
-1.155363495182632,0.29488391230979427,0.649189020270599,-1.052230153134472,1.1543979595367315
-1.155363495182632,0.29488391230979427,0.1498128508316767,-1.2305742468860774,1.154346982257012
-1.155363495182632,0.29488391230979427,-1.3483156574850903,-1.2305742468860774,1.1545639647230128
-1.155363495182632,0.29488391230979427,-1.8476918269240126,-1.1414022000102746,1.1545382128613988
-1.155363495182632,0.29488391230979427,-1.8476918269240126,-1.052230153134472,1.1545126364809544
-1.155363495182632,0.29488391230979427,-1.8476918269240126,-0.9630581062586693,1.1544873233222641
-1.155363495182632,0.29488391230979427,-1.8476918269240126,-0.8738860593828666,1.154461308238896
-0.9908509898094234,0.29488391230979427,-1.8476918269240126,1.444587159388004,0.9910889536833816
-0.9908509898094234,0.29488391230979427,0.649189020270599,1.444587159388004,0.9908375769081726
-0.9908509898094234,0.29488391230979427,-1.8476918269240126,-1.2305742468860774,0.9903350427092164
-0.9908509898094234,-3.391164991562634,0.649189020270599,1.444587159388004,0.9900834904528382
-0.9908509898094234,-3.391164991562634,0.649189020270599,-1.2305742468860774,0.9898322014182139
-0.9908509898094234,-3.391164991562634,-1.8476918269240126,1.444587159388004,0.989581175605344
-0.9908509898094234,0.29488391230979427,-1.3483156574850903,1.444587159388004,0.9890785536658032
-0.9908509898094234,0.29488391230979427,-0.8489394880461679,1.444587159388004,0.9888269356039864
-0.9908509898094234,0.29488391230979427,0.1498128508316767,1.444587159388004,0.9912353049786863
-0.9908509898094234,0.29488391230979427,0.649189020270599,1.3554151125122011,0.9909838404628926
-0.9908509898094234,0.29488391230979427,0.649189020270599,1.2662430656363985,0.9907325514282684
-0.9908509898094234,0.29488391230979427,0.649189020270599,1.0878989718847931,0.9902300172293126
-0.9908509898094234,0.29488391230979427,0.649189020270599,0.9987269250089903,0.9899789914164424
-0.9908509898094234,0.29488391230979427,0.649189020270599,0.9095548781331876,0.9897275269006489
-0.9908509898094234,0.29488391230979427,0.649189020270599,0.7312107843815822,0.9892248172205234
-0.9908509898094234,0.29488391230979427,0.649189020270599,0.5528666906299768,0.9887221733458365
-0.9908509898094234,0.29488391230979427,0.649189020270599,0.28535055000256865,0.9908789027235733
-0.9908509898094234,0.29488391230979427,0.649189020270599,0.19617850312676596,0.9906276575592415
-0.9908509898094234,0.29488391230979427,0.649189020270599,0.10700645625096325,0.9903764562652021
-0.9908509898094234,0.29488391230979427,0.649189020270599,0.01783440937516054,0.9901247504628005
-0.9908509898094234,0.29488391230979427,0.649189020270599,-0.16050968437644486,0.9896224575504525
-0.9908509898094234,0.29488391230979427,0.649189020270599,-0.24968173125224757,0.9893710807752436
-0.9908509898094234,0.29488391230979427,0.649189020270599,-0.3388537781280503,0.9891195504540113
-0.9908509898094234,0.29488391230979427,0.649189020270599,-0.428025825003853,0.9888684588357028
-0.9908509898094234,0.29488391230979427,0.649189020270599,-0.5171978718796557,0.9915279198287112
-0.9908509898094234,0.29488391230979427,0.649189020270599,-0.6063699187554584,0.9912767185346718
-0.9908509898094234,0.29488391230979427,0.649189020270599,-0.7847140125070639,0.9907739211139617
-0.9908509898094234,0.29488391230979427,0.649189020270599,-0.8738860593828666,0.9905228075605068
-0.9908509898094234,0.29488391230979427,0.649189020270599,-1.052230153134472,0.9900199882046505
-0.9908509898094234,0.29488391230979427,0.1498128508316767,-1.2305742468860774,0.9895176075517178
-0.9908509898094234,0.29488391230979427,-1.3483156574850903,-1.2305742468860774,0.9916747536972321
-0.9908509898094234,0.29488391230979427,-1.8476918269240126,-1.1414022000102746,0.991422982089392
-0.9908509898094234,0.29488391230979427,-1.8476918269240126,-1.052230153134472,0.9911716930547678
-0.9908509898094234,0.29488391230979427,-1.8476918269240126,-0.9630581062586693,0.9909207549824823
-0.9908509898094234,0.29488391230979427,-1.8476918269240126,-0.8738860593828666,0.990668807893473
-0.8259678196410872,0.29488391230979427,-1.8476918269240126,1.444587159388004,0.8271816886531509
-0.8259678196410872,0.29488391230979427,0.649189020270599,1.444587159388004,0.8269328563548989
-0.8259678196410872,0.29488391230979427,-1.8476918269240126,-1.2305742468860774,0.8264356304613181
-0.8259678196410872,-3.391164991562634,0.649189020270599,1.444587159388004,0.826186447200727
-0.8259678196410872,-3.391164991562634,0.649189020270599,-1.2305742468860774,0.8259374394213055
-0.8259678196410872,-3.391164991562634,-1.8476918269240126,1.444587159388004,0.8256890458259768
-0.8259678196410872,0.29488391230979427,-1.3483156574850903,1.444587159388004,0.825191205748303
-0.8259678196410872,0.29488391230979427,-0.8489394880461679,1.444587159388004,0.8249425928015127
-0.8259678196410872,0.29488391230979427,0.1498128508316767,1.444587159388004,0.8272563120204511
-0.8259678196410872,0.29488391230979427,0.649189020270599,1.3554151125122011,0.8270074358519067
-0.8259678196410872,0.29488391230979427,0.649189020270599,1.2662430656363985,0.8267586035536545
-0.8259678196410872,0.29488391230979427,0.649189020270599,1.0878989718847931,0.8262608950868577
-0.8259678196410872,0.29488391230979427,0.649189020270599,0.9987269250089903,0.8260127208429909
-0.8259678196410872,0.29488391230979427,0.649189020270599,0.9095548781331876,0.8257637130635695
-0.8259678196410872,0.29488391230979427,0.649189020270599,0.7312107843815822,0.8252660045967727
-0.8259678196410872,0.29488391230979427,0.649189020270599,0.5528666906299768,0.8247682961299762
-0.8259678196410872,0.29488391230979427,0.649189020270599,0.28535055000256865,0.8268335778832936
-0.8259678196410872,0.29488391230979427,0.649189020270599,0.19617850312676596,0.8265845262335797
-0.8259678196410872,0.29488391230979427,0.649189020270599,0.10700645625096325,0.826335869416497
-0.8259678196410872,0.29488391230979427,0.649189020270599,0.01783440937516054,0.8260870371182447
-0.8259678196410872,0.29488391230979427,0.649189020270599,-0.16050968437644486,0.8255894602623252
-0.8259678196410872,0.29488391230979427,0.649189020270599,-0.24968173125224757,0.8253406279640729
-0.8259678196410872,0.29488391230979427,0.649189020270599,-0.3388537781280503,0.8250916201846513
-0.8259678196410872,0.29488391230979427,0.649189020270599,-0.428025825003853,0.824842875626984
-0.8259678196410872,0.29488391230979427,0.649189020270599,-0.5171978718796557,0.8274056026253441
-0.8259678196410872,0.29488391230979427,0.649189020270599,-0.6063699187554584,0.827157033548846
-0.8259678196410872,0.29488391230979427,0.649189020270599,-0.7847140125070639,0.826659281211757
-0.8259678196410872,0.29488391230979427,0.649189020270599,-0.8738860593828666,0.8264103611729201
-0.8259678196410872,0.29488391230979427,0.649189020270599,-1.052230153134472,0.8259127843170004
-0.8259678196410872,0.29488391230979427,0.1498128508316767,-1.2305742468860774,0.8254152513313733
-0.8259678196410872,0.29488391230979427,-1.3483156574850903,-1.2305742468860774,0.8274808840470296
-0.8259678196410872,0.29488391230979427,-1.8476918269240126,-1.1414022000102746,0.8272315253052692
-0.8259678196410872,0.29488391230979427,-1.8476918269240126,-1.052230153134472,0.826982693007017
-0.8259678196410872,0.29488391230979427,-1.8476918269240126,-0.9630581062586693,0.8267343432819808
-0.8259678196410872,0.29488391230979427,-1.8476918269240126,-0.8738860593828666,0.826484809059051
-0.6609375700335959,0.29488391230979427,-1.8476918269240126,1.444587159388004,0.6629956717852805
-0.6609375700335959,0.29488391230979427,0.649189020270599,1.444587159388004,0.662712576788697
-0.6609375700335959,0.29488391230979427,-1.8476918269240126,-1.2305742468860774,0.6621470009796231
-0.6609375700335959,-3.391164991562634,0.649189020270599,1.444587159388004,0.6618640375939168
-0.6609375700335959,-3.391164991562634,0.649189020270599,-1.2305742468860774,0.6615806355052869
-0.6609375700335959,-3.391164991562634,-1.8476918269240126,1.444587159388004,0.6612980230819194
-0.6609375700335959,0.29488391230979427,-1.3483156574850903,1.444587159388004,0.6607320524402143
-0.6609375700335959,0.29488391230979427,-0.8489394880461679,1.444587159388004,0.6604491329248002
-0.6609375700335959,0.29488391230979427,0.1498128508316767,1.444587159388004,0.6630615210941092
-0.6609375700335959,0.29488391230979427,0.649189020270599,1.3554151125122011,0.6627786893192799
-0.6609375700335959,0.29488391230979427,0.649189020270599,1.2662430656363985,0.6624958575444505
-0.6609375700335959,0.29488391230979427,0.649189020270599,1.0878989718847931,0.6619293165889449
-0.6609375700335959,0.29488391230979427,0.649189020270599,0.9987269250089903,0.661647142868501
-0.6609375700335959,0.29488391230979427,0.649189020270599,0.9095548781331876,0.6613640478719175
-0.6609375700335959,0.29488391230979427,0.649189020270599,0.7312107843815822,0.6607977262678736
-0.6609375700335959,0.29488391230979427,0.649189020270599,0.5528666906299768,0.6602318872370456
-0.6609375700335959,0.29488391230979427,0.649189020270599,0.28535055000256865,0.6625619700750335
-0.6609375700335959,0.29488391230979427,0.649189020270599,0.19617850312676596,0.6622788312081578
-0.6609375700335959,0.29488391230979427,0.649189020270599,0.10700645625096325,0.6619956484709895
-0.6609375700335959,0.29488391230979427,0.649189020270599,0.01783440937516054,0.6617131676584991
-0.6609375700335959,0.29488391230979427,0.649189020270599,-0.16050968437644486,0.6611470215356245
-0.6609375700335959,0.29488391230979427,0.649189020270599,-0.24968173125224757,0.6608641897607953
-0.6609375700335959,0.29488391230979427,0.649189020270599,-0.3388537781280503,0.6605806560612884
-0.6609375700335959,0.29488391230979427,0.649189020270599,-0.428025825003853,0.6602976049349973
-0.6609375700335959,0.29488391230979427,0.649189020270599,-0.5171978718796557,0.6631937022849825
-0.6609375700335959,0.29488391230979427,0.649189020270599,-0.6063699187554584,0.6629110459913227
-0.6609375700335959,0.29488391230979427,0.649189020270599,-0.7847140125070639,0.662344505035817
-0.6609375700335959,0.29488391230979427,0.649189020270599,-0.8738860593828666,0.6620617171312801
-0.6609375700335959,0.29488391230979427,0.649189020270599,-1.052230153134472,0.6614957026192827
-0.6609375700335959,0.29488391230979427,0.1498128508316767,-1.2305742468860774,0.6609301268102088
-0.6609375700335959,0.29488391230979427,-1.3483156574850903,-1.2305742468860774,0.6632603412590736
-0.6609375700335959,0.29488391230979427,-1.8476918269240126,-1.1414022000102746,0.6629767636892744
-0.6609375700335959,0.29488391230979427,-1.8476918269240126,-1.052230153134472,0.6626937564332757
-0.6609375700335959,0.29488391230979427,-1.8476918269240126,-0.9630581062586693,0.66241136336137
-0.6609375700335959,0.29488391230979427,-1.8476918269240126,-0.8738860593828666,0.6621275225698164
-0.49552975647592434,0.29488391230979427,-1.8476918269240126,1.444587159388004,0.4980251224791795
-0.49552975647592434,0.29488391230979427,0.649189020270599,1.444587159388004,0.49763687039181487
-0.49552975647592434,0.29488391230979427,-1.8476918269240126,-1.2305742468860774,0.49686049782796293
-0.49552975647592434,-3.391164991562634,0.649189020270599,1.444587159388004,0.49647215800001365
-0.49552975647592434,-3.391164991562634,0.649189020270599,-1.2305742468860774,0.4960837304314797
-0.49552975647592434,-3.391164991562634,-1.8476918269240126,1.444587159388004,0.4956957415658693
-0.49552975647592434,0.29488391230979427,-1.3483156574850903,1.444587159388004,0.4949195444831867
-0.49552975647592434,0.29488391230979427,-0.8489394880461679,1.444587159388004,0.4945311607849452
-0.49552975647592434,0.29488391230979427,0.1498128508316767,1.444587159388004,0.49823495408752577
-0.49552975647592434,0.29488391230979427,0.649189020270599,1.3554151125122011,0.497847535535716
-0.49552975647592434,0.29488391230979427,0.649189020270599,1.2662430656363985,0.497458976356305
-0.49552975647592434,0.29488391230979427,0.649189020270599,1.0878989718847931,0.4966819457380675
-0.49552975647592434,0.29488391230979427,0.649189020270599,0.9987269250089903,0.49629470266742737
-0.49552975647592434,0.29488391230979427,0.649189020270599,0.9095548781331876,0.4959059241365545
-0.49552975647592434,0.29488391230979427,0.649189020270599,0.7312107843815822,0.49512876190743993
-0.49552975647592434,0.29488391230979427,0.649189020270599,0.5528666906299768,0.4943528280465116
-0.49552975647592434,0.29488391230979427,0.649189020270599,0.28535055000256865,0.49766915892699004
-0.49552975647592434,0.29488391230979427,0.649189020270599,0.19617850312676596,0.4972807313584561
-0.49552975647592434,0.29488391230979427,0.649189020270599,0.10700645625096325,0.4968926547522611
-0.49552975647592434,0.29488391230979427,0.649189020270599,0.01783440937516054,0.4965044026648964
-0.49552975647592434,0.29488391230979427,0.649189020270599,-0.16050968437644486,0.49572794236045986
-0.49552975647592434,0.29488391230979427,0.649189020270599,-0.24968173125224757,0.49533951479192573
-0.49552975647592434,0.29488391230979427,0.649189020270599,-0.3388537781280503,0.4949506046501758
-0.49552975647592434,0.29488391230979427,0.649189020270599,-0.428025825003853,0.49456274739544265
-0.49552975647592434,0.29488391230979427,0.649189020270599,-0.5171978718796557,0.4986557140615273
-0.49552975647592434,0.29488391230979427,0.649189020270599,-0.6063699187554584,0.49826750584445506
-0.49552975647592434,0.29488391230979427,0.649189020270599,-0.7847140125070639,0.4974906068370948
-0.49552975647592434,0.29488391230979427,0.649189020270599,-0.8738860593828666,0.49710239862002253
-0.49552975647592434,0.29488391230979427,0.649189020270599,-1.052230153134472,0.4963262454076323
-0.49552975647592434,0.29488391230979427,0.1498128508316767,-1.2305742468860774,0.495549828973488
-0.49552975647592434,0.29488391230979427,-1.3483156574850903,-1.2305742468860774,0.49886642307572066
-0.49552975647592434,0.29488391230979427,-1.8476918269240126,-1.1414022000102746,0.49847782002601726
-0.49552975647592434,0.29488391230979427,-1.8476918269240126,-1.052230153134472,0.49808969954952986
-0.49552975647592434,0.29488391230979427,-1.8476918269240126,-0.9630581062586693,0.49770197390567356
-0.49552975647592434,0.29488391230979427,-1.8476918269240126,-0.8738860593828666,0.49731271280158473
-0.3300656071426406,0.29488391230979427,-1.8476918269240126,1.444587159388004,0.3316821788172564
-0.3300656071426406,0.29488391230979427,0.649189020270599,1.444587159388004,0.3313370073569871
-0.3300656071426406,0.29488391230979427,-1.8476918269240126,-1.2305742468860774,0.3306469715284948
-0.3300656071426406,-3.391164991562634,0.649189020270599,1.444587159388004,0.33030180006822535
-0.3300656071426406,-3.391164991562634,0.649189020270599,-1.2305742468860774,0.32995645312678656
-0.3300656071426406,-3.391164991562634,-1.8476918269240126,1.444587159388004,0.32961198359119487
-0.3300656071426406,0.29488391230979427,-1.3483156574850903,1.444587159388004,0.32892190389241016
-0.3300656071426406,0.29488391230979427,-0.8489394880461679,1.444587159388004,0.32857664469155606
-0.3300656071426406,0.29488391230979427,0.1498128508316767,1.444587159388004,0.3321507574099276
-0.3300656071426406,0.29488391230979427,0.649189020270599,1.3554151125122011,0.3318066827069673
-0.3300656071426406,0.29488391230979427,0.649189020270599,1.2662430656363985,0.3314614673764055
-0.3300656071426406,0.29488391230979427,0.649189020270599,1.0878989718847931,0.33077055414206613
-0.3300656071426406,0.29488391230979427,0.649189020270599,0.9987269250089903,0.3304263916985208
-0.3300656071426406,0.29488391230979427,0.649189020270599,0.9095548781331876,0.3300811763679591
-0.3300656071426406,0.29488391230979427,0.649189020270599,0.7312107843815822,0.3293901315227426
-0.3300656071426406,0.29488391230979427,0.649189020270599,0.5528666906299768,0.3287004905268816
-0.3300656071426406,0.29488391230979427,0.649189020270599,0.28535055000256865,0.33193035306112323
-0.3300656071426406,0.29488391230979427,0.649189020270599,0.19617850312676596,0.3315851377305615
-0.3300656071426406,0.29488391230979427,0.649189020270599,0.10700645625096325,0.3312403172326309
-0.3300656071426406,0.29488391230979427,0.649189020270599,0.01783440937516054,0.33089514577236157
-0.3300656071426406,0.29488391230979427,0.649189020270599,-0.16050968437644486,0.33020506607357686
-0.3300656071426406,0.29488391230979427,0.649189020270599,-0.24968173125224757,0.32985989461330756
-0.3300656071426406,0.29488391230979427,0.649189020270599,-0.3388537781280503,0.32951380187689855
-0.3300656071426406,0.29488391230979427,0.649189020270599,-0.428025825003853,0.32916955169276874
-0.3300656071426406,0.29488391230979427,0.649189020270599,-0.5171978718796557,0.3330897132772569
-0.3300656071426406,0.29488391230979427,0.649189020270599,-0.6063699187554584,0.3327447172981569
-0.3300656071426406,0.29488391230979427,0.649189020270599,-0.7847140125070639,0.3320538918044021
-0.3300656071426406,0.29488391230979427,0.649189020270599,-0.8738860593828666,0.33170911517676394
-0.3300656071426406,0.29488391230979427,0.649189020270599,-1.052230153134472,0.331018991607687
-0.3300656071426406,0.29488391230979427,0.1498128508316767,-1.2305742468860774,0.3303291312603641
-0.3300656071426406,0.29488391230979427,-1.3483156574850903,-1.2305742468860774,0.3335593008866524
-0.3300656071426406,0.29488391230979427,-1.8476918269240126,-1.1414022000102746,0.33321377846404404
-0.3300656071426406,0.29488391230979427,-1.8476918269240126,-1.052230153134472,0.33286904570669823
-0.3300656071426406,0.29488391230979427,-1.8476918269240126,-0.9630581062586693,0.33252387424642893
-0.3300656071426406,0.29488391230979427,-1.8476918269240126,-0.8738860593828666,0.33217839569411295
-0.1654515919085243,0.29488391230979427,-1.8476918269240126,1.444587159388004,0.16593837173806086
-0.1654515919085243,0.29488391230979427,0.649189020270599,1.444587159388004,0.16564479174160393
-0.1654515919085243,0.29488391230979427,-1.8476918269240126,-1.2305742468860774,0.16505811432190604
-0.1654515919085243,-3.391164991562634,0.649189020270599,1.444587159388004,0.16476492915808055
-0.1654515919085243,-3.391164991562634,0.649189020270599,-1.2305742468860774,0.16447139303191588
-0.1654515919085243,-3.391164991562634,-1.8476918269240126,1.444587159388004,0.16417851496013675
-0.1654515919085243,0.29488391230979427,-1.3483156574850903,1.444587159388004,0.16359179367014662
-0.1654515919085243,0.29488391230979427,-0.8489394880461679,1.444587159388004,0.16329808206281263
-0.1654515919085243,0.29488391230979427,0.1498128508316767,1.444587159388004,0.16670719861162733
-0.1654515919085243,0.29488391230979427,0.649189020270599,1.3554151125122011,0.16641471537247937
-0.1654515919085243,0.29488391230979427,0.649189020270599,1.2662430656363985,0.16612122311660724
-0.1654515919085243,0.29488391230979427,0.649189020270599,1.0878989718847931,0.16553388764252408
-0.1654515919085243,0.29488391230979427,0.649189020270599,0.9987269250089903,0.16524118505191426
-0.1654515919085243,0.29488391230979427,0.649189020270599,0.9095548781331876,0.1649475173148725
-0.1654515919085243,0.29488391230979427,0.649189020270599,0.7312107843815822,0.16436026958137415
-0.1654515919085243,0.29488391230979427,0.649189020270599,0.5528666906299768,0.16377385538343034
-0.1654515919085243,0.29488391230979427,0.649189020270599,0.28535055000256865,0.16688996224958888
-0.1654515919085243,0.29488391230979427,0.649189020270599,0.19617850312676596,0.16659633838283971
-0.1654515919085243,0.29488391230979427,0.649189020270599,0.10700645625096325,0.16630337257047578
-0.1654515919085243,0.29488391230979427,0.649189020270599,0.01783440937516054,0.16600952935226473
-0.1654515919085243,0.29488391230979427,0.649189020270599,-0.16050968437644486,0.16542311515432126
-0.1654515919085243,0.29488391230979427,0.649189020270599,-0.24968173125224757,0.16512992999049547
-0.1654515919085243,0.29488391230979427,0.649189020270599,-0.3388537781280503,0.16483538484760663
-0.1654515919085243,0.29488391230979427,0.649189020270599,-0.428025825003853,0.16454303321933572
-0.1654515919085243,0.29488391230979427,0.649189020270599,-0.5171978718796557,0.1682458613754844
-0.1654515919085243,0.29488391230979427,0.649189020270599,-0.6063699187554584,0.16795263234136637
-0.1654515919085243,0.29488391230979427,0.649189020270599,-0.7847140125070639,0.16736525299699095
-0.1654515919085243,0.29488391230979427,0.649189020270599,-0.8738860593828666,0.16707255040638114
-0.1654515919085243,0.29488391230979427,0.649189020270599,-1.052230153134472,0.16648512719171318
-0.1654515919085243,0.29488391230979427,0.1498128508316767,-1.2305742468860774,0.165898888474939
-0.1654515919085243,0.29488391230979427,-1.3483156574850903,-1.2305742468860774,0.16901565339548277
-0.1654515919085243,0.29488391230979427,-1.8476918269240126,-1.1414022000102746,0.1687218540475643
-0.1654515919085243,0.29488391230979427,-1.8476918269240126,-1.052230153134472,0.16842858114315373
-0.1654515919085243,0.29488391230979427,-1.8476918269240126,-0.9630581062586693,0.16813522049815866
-0.1654515919085243,0.29488391230979427,-1.8476918269240126,-0.8738860593828666,0.1678413772799476
-0.0001218222958648124,0.29488391230979427,-1.8476918269240126,1.444587159388004,0.004231070258685806
-0.0001218222958648124,0.29488391230979427,0.649189020270599,1.444587159388004,0.0039123087144156115
-0.0001218222958648124,0.29488391230979427,-1.8476918269240126,-1.2305742468860774,0.003277900416632538
-0.0001218222958648124,-3.391164991562634,0.649189020270599,1.444587159388004,0.0029609375543491385
-0.0001218222958648124,-3.391164991562634,0.649189020270599,-1.2305742468860774,0.0026430972862186205
-0.0001218222958648124,-3.391164991562634,-1.8476918269240126,1.444587159388004,0.0023262221645197144
-0.0001218222958648124,0.29488391230979427,-1.3483156574850903,1.444587159388004,0.0016909803311820817
-0.0001218222958648124,0.29488391230979427,-0.8489394880461679,1.444587159388004,0.0013735787659749671
-0.0001218222958648124,0.29488391230979427,0.1498128508316767,1.444587159388004,0.0044250646914909195
-0.0001218222958648124,0.29488391230979427,0.649189020270599,1.3554151125122011,0.004108803753885028
-0.0001218222958648124,0.29488391230979427,0.649189020270599,1.2662430656363985,0.003790831874877457
-0.0001218222958648124,0.29488391230979427,0.649189020270599,1.0878989718847931,0.003155546171247266
-0.0001218222958648124,0.29488391230979427,0.649189020270599,0.9987269250089903,0.002838934271302776
-0.0001218222958648124,0.29488391230979427,0.649189020270599,0.9095548781331876,0.0025214449655108556
-0.0001218222958648124,0.29488391230979427,0.649189020270599,0.7312107843815822,0.0018858521698343134
-0.0001218222958648124,0.29488391230979427,0.649189020270599,0.5528666906299768,0.001252101926436813
-0.0001218222958648124,0.29488391230979427,0.649189020270599,0.28535055000256865,0.003985966935283793
-0.0001218222958648124,0.29488391230979427,0.649189020270599,0.19617850312676596,0.003668477629492185
-0.0001218222958648124,0.29488391230979427,0.649189020270599,0.10700645625096325,0.003351690248378084
-0.0001218222958648124,0.29488391230979427,0.649189020270599,0.01783440937516054,0.003033411277323851
-0.0001218222958648124,0.29488391230979427,0.649189020270599,-0.16050968437644486,0.0023990468498333367
-0.0001218222958648124,0.29488391230979427,0.649189020270599,-0.24968173125224757,0.0020821717281344306
-0.0001218222958648124,0.29488391230979427,0.649189020270599,-0.3388537781280503,0.0017634979244490411
-0.0001218222958648124,0.29488391230979427,0.649189020270599,-0.428025825003853,0.0014470615056738502
-0.0001218222958648124,0.29488391230979427,0.649189020270599,-0.5171978718796557,0.00481673866165923
-0.0001218222958648124,0.29488391230979427,0.649189020270599,-0.6063699187554584,0.004499205485575063
-0.0001218222958648124,0.29488391230979427,0.649189020270599,-0.7847140125070639,0.003863130116682559
-0.0001218222958648124,0.29488391230979427,0.649189020270599,-0.8738860593828666,0.00354682530878442
-0.0001218222958648124,0.29488391230979427,0.649189020270599,-1.052230153134472,0.00291189056749345
-0.0001218222958648124,0.29488391230979427,0.1498128508316767,-1.2305742468860774,0.00227678034503287
-0.0001218222958648124,0.29488391230979427,-1.3483156574850903,-1.2305742468860774,0.005012136943819982
-0.0001218222958648124,0.29488391230979427,-1.8476918269240126,-1.1414022000102746,0.004694779248905114
-0.0001218222958648124,0.29488391230979427,-1.8476918269240126,-1.052230153134472,0.004376895110482349
-0.0001218222958648124,0.29488391230979427,-1.8476918269240126,-0.9630581062586693,0.0040592303235211305
-0.0001218222958648124,0.29488391230979427,-1.8476918269240126,-0.8738860593828666,0.003742135850360367
0.16510564646995946,0.29488391230979427,-1.8476918269240126,1.444587159388004,-0.15945925617583648
0.16510564646995946,0.29488391230979427,0.649189020270599,1.444587159388004,-0.1600878297247361
0.16510564646995946,0.29488391230979427,-1.8476918269240126,-1.2305742468860774,-0.16133861563014265
0.16510564646995946,-3.391164991562634,0.649189020270599,1.444587159388004,-0.16196385503682276
0.16510564646995946,-3.391164991562634,0.649189020270599,-1.2305742468860774,-0.16259027894139666
0.16510564646995946,-3.391164991562634,-1.8476918269240126,1.444587159388004,-0.16321569382924636
0.16510564646995946,0.29488391230979427,-1.3483156574850903,1.444587159388004,-0.164468936471025
0.16510564646995946,0.29488391230979427,-0.8489394880461679,1.444587159388004,-0.1650950971538448
0.16510564646995946,0.29488391230979427,0.1498128508316767,1.444587159388004,-0.15913812563577903
0.16510564646995946,0.29488391230979427,0.649189020270599,1.3554151125122011,-0.15976283859895093
0.16510564646995946,0.29488391230979427,0.649189020270599,1.2662430656363985,-0.16038913089264778
0.16510564646995946,0.29488391230979427,0.649189020270599,1.0878989718847931,-0.16164153999887185
0.16510564646995946,0.29488391230979427,0.649189020270599,0.9987269250089903,-0.16226642844321304
0.16510564646995946,0.29488391230979427,0.649189020270599,0.9095548781331876,-0.1628932471804181
0.16510564646995946,0.29488391230979427,0.649189020270599,0.7312107843815822,-0.16414618273015036
0.16510564646995946,0.29488391230979427,0.649189020270599,0.5528666906299768,-0.1653971002464343
0.16510564646995946,0.29488391230979427,0.649189020270599,0.28535055000256865,-0.1600658068379724
0.16510564646995946,0.29488391230979427,0.649189020270599,0.19617850312676596,-0.1606916604287455
0.16510564646995946,0.29488391230979427,0.649189020270599,0.10700645625096325,-0.1613175578898112
0.16510564646995946,0.29488391230979427,0.649189020270599,0.01783440937516054,-0.16194345535087656
0.16510564646995946,0.29488391230979427,0.649189020270599,-0.16050968437644486,-0.1631952502730076
0.16510564646995946,0.29488391230979427,0.649189020270599,-0.24968173125224757,-0.16382110386378074
0.16510564646995946,0.29488391230979427,0.649189020270599,-0.3388537781280503,-0.1644488877474177
0.16510564646995946,0.29488391230979427,0.649189020270599,-0.428025825003853,-0.16507390780263595
0.16510564646995946,0.29488391230979427,0.649189020270599,-0.5171978718796557,-0.15848928401181062
0.16510564646995946,0.29488391230979427,0.649189020270599,-0.6063699187554584,-0.15911619048960046
0.16510564646995946,0.29488391230979427,0.649189020270599,-0.7847140125070639,-0.160369169909625
0.16510564646995946,0.29488391230979427,0.649189020270599,-0.8738860593828666,-0.16099410222425875
0.16510564646995946,0.29488391230979427,0.649189020270599,-1.052230153134472,-0.1622461603681439
0.16510564646995946,0.29488391230979427,0.1498128508316767,-1.2305742468860774,-0.16349848173378317
0.16510564646995946,0.29488391230979427,-1.3483156574850903,-1.2305742468860774,-0.15816666188181303
0.16510564646995946,0.29488391230979427,-1.8476918269240126,-1.1414022000102746,-0.15879155032615422
0.16510564646995946,0.29488391230979427,-1.8476918269240126,-1.052230153134472,-0.15941810584160518
0.16510564646995946,0.29488391230979427,-1.8476918269240126,-0.9630581062586693,-0.16004448587588652
0.16510564646995946,0.29488391230979427,-1.8476918269240126,-0.8738860593828666,-0.16067055881812148
0.33052013946436415,0.29488391230979427,-1.8476918269240126,1.444587159388004,-0.3253094925842918
0.33052013946436415,0.29488391230979427,0.649189020270599,1.444587159388004,-0.3265485651216389
0.33052013946436415,0.29488391230979427,-1.8476918269240126,-1.2305742468860774,-0.32902083157715795
0.33052013946436415,-3.391164991562634,0.649189020270599,1.444587159388004,-0.33025753511871775
0.33052013946436415,-3.391164991562634,0.649189020270599,-1.2305742468860774,-0.3314943264008627
0.33052013946436415,-3.391164991562634,-1.8476918269240126,1.444587159388004,-0.3327300647959909
0.33052013946436415,0.29488391230979427,-1.3483156574850903,1.444587159388004,-0.33520404219291156
0.33052013946436415,0.29488391230979427,-0.8489394880461679,1.444587159388004,-0.33644127217797987
0.33052013946436415,0.29488391230979427,0.1498128508316767,1.444587159388004,-0.32416465343492845
0.33052013946436415,0.29488391230979427,0.649189020270599,1.3554151125122011,-0.3253997776459637
0.33052013946436415,0.29488391230979427,0.649189020270599,1.2662430656363985,-0.3266367882795701
0.33052013946436415,0.29488391230979427,0.649189020270599,1.0878989718847931,-0.32910975665976666
0.33052013946436415,0.29488391230979427,0.649189020270599,0.9987269250089903,-0.3303461531092801
0.33052013946436415,0.29488391230979427,0.649189020270599,0.9095548781331876,-0.3315840411487337
0.33052013946436415,0.29488391230979427,0.649189020270599,0.7312107843815822,-0.3340571411398073
0.33052013946436415,0.29488391230979427,0.649189020270599,0.5528666906299768,-0.3365299340388345
0.33052013946436415,0.29488391230979427,0.649189020270599,0.28535055000256865,-0.3254887465988646
0.33052013946436415,0.29488391230979427,0.649189020270599,0.19617850312676596,-0.32672531852954767
0.33052013946436415,0.29488391230979427,0.649189020270599,0.10700645625096325,-0.32796153949789186
0.33052013946436415,0.29488391230979427,0.649189020270599,0.01783440937516054,-0.32919806755828235
0.33052013946436415,0.29488391230979427,0.649189020270599,-0.16050968437644486,-0.3316717378631567
0.33052013946436415,0.29488391230979427,0.649189020270599,-0.24968173125224757,-0.3329081781829624
0.33052013946436415,0.29488391230979427,0.649189020270599,-0.3388537781280503,-0.3341465049253397
0.33052013946436415,0.29488391230979427,0.649189020270599,-0.428025825003853,-0.3353822433204679
0.33052013946436415,0.29488391230979427,0.649189020270599,-0.5171978718796557,-0.32186690300240806
0.33052013946436415,0.29488391230979427,0.649189020270599,-0.6063699187554584,-0.32310413298747637
0.33052013946436415,0.29488391230979427,0.649189020270599,-0.7847140125070639,-0.32557876843878264
0.33052013946436415,0.29488391230979427,0.649189020270599,-0.8738860593828666,-0.3268148577962494
0.33052013946436415,0.29488391230979427,0.649189020270599,-1.052230153134472,-0.32928729973293774
0.33052013946436415,0.29488391230979427,0.1498128508316767,-1.2305742468860774,-0.33176158422190477
0.33052013946436415,0.29488391230979427,-1.3483156574850903,-1.2305742468860774,-0.32071903680287217
0.33052013946436415,0.29488391230979427,-1.8476918269240126,-1.1414022000102746,-0.32195609130677116
0.33052013946436415,0.29488391230979427,-1.8476918269240126,-1.052230153134472,-0.32319266323745394
0.33052013946436415,0.29488391230979427,-1.8476918269240126,-0.9630581062586693,-0.3244300687036919
0.33052013946436415,0.29488391230979427,-1.8476918269240126,-0.8738860593828666,-0.32566607032057415
0.49551171864865595,0.29488391230979427,-1.8476918269240126,1.444587159388004,-0.4904697370345468
0.49551171864865595,0.29488391230979427,0.649189020270599,1.444587159388004,-0.4921411074327856
0.49551171864865595,0.29488391230979427,-1.8476918269240126,-1.2305742468860774,-0.49547744316657927
0.49551171864865595,-3.391164991562634,0.649189020270599,1.444587159388004,-0.49714692714224673
0.49551171864865595,-3.391164991562634,0.649189020270599,-1.2305742468860774,-0.4988161040258679
0.49551171864865595,-3.391164991562634,-1.8476918269240126,1.444587159388004,-0.5004829119137015
0.49551171864865595,0.29488391230979427,-1.3483156574850903,1.444587159388004,-0.5038225817897143
0.49551171864865595,0.29488391230979427,-0.8489394880461679,1.444587159388004,-0.5054924167277204
0.49551171864865595,0.29488391230979427,0.1498128508316767,1.444587159388004,-0.4887324734571869
0.49551171864865595,0.29488391230979427,0.649189020270599,1.3554151125122011,-0.49040033423203716
0.49551171864865595,0.29488391230979427,0.649189020270599,1.2662430656363985,-0.4920691601533194
0.49551171864865595,0.29488391230979427,0.649189020270599,1.0878989718847931,-0.4954064610335447
0.49551171864865595,0.29488391230979427,0.649189020270599,0.9987269250089903,-0.4970756379171658
0.49551171864865595,0.29488391230979427,0.649189020270599,0.9095548781331876,-0.4987457799472186
0.49551171864865595,0.29488391230979427,0.649189020270599,0.7312107843815822,-0.5020828176056897
0.49551171864865595,0.29488391230979427,0.649189020270599,0.5528666906299768,-0.5054202939670845
0.49551171864865595,0.29488391230979427,0.649189020270599,0.28535055000256865,-0.4903286940446173
0.49551171864865595,0.29488391230979427,0.649189020270599,0.19617850312676596,-0.49199751996589924
0.49551171864865595,0.29488391230979427,0.649189020270599,0.10700645625096325,-0.49366560009221144
0.49551171864865595,0.29488391230979427,0.649189020270599,0.01783440937516054,-0.4953344260134937
0.49551171864865595,0.29488391230979427,0.649189020270599,-0.16050968437644486,-0.49867251655898154
0.49551171864865595,0.29488391230979427,0.649189020270599,-0.24968173125224757,-0.5003415179614331
0.49551171864865595,0.29488391230979427,0.649189020270599,-0.3388537781280503,-0.502012186434994
0.49551171864865595,0.29488391230979427,0.649189020270599,-0.428025825003853,-0.5036800033395521
0.49551171864865595,0.29488391230979427,0.649189020270599,-0.5171978718796557,-0.48524952320633435
0.49551171864865595,0.29488391230979427,0.649189020270599,-0.6063699187554584,-0.4869190510522941
0.49551171864865595,0.29488391230979427,0.649189020270599,-0.7847140125070639,-0.4902590718906458
0.49551171864865595,0.29488391230979427,0.649189020270599,-0.8738860593828666,-0.4919267133140343
0.49551171864865595,0.29488391230979427,0.649189020270599,-1.052230153134472,-0.4952635316210436
0.49551171864865595,0.29488391230979427,0.1498128508316767,-1.2305742468860774,-0.4986023240912093
0.49551171864865595,0.29488391230979427,-1.3483156574850903,-1.2305742468860774,-0.48350975902231014
0.49551171864865595,0.29488391230979427,-1.8476918269240126,-1.1414022000102746,-0.4851788920356387
0.49551171864865595,0.29488391230979427,-1.8476918269240126,-1.052230153134472,-0.4868477179569206
0.49551171864865595,0.29488391230979427,-1.8476918269240126,-0.9630581062586693,-0.48851654387820287
0.49551171864865595,0.29488391230979427,-1.8476918269240126,-0.8738860593828666,-0.4901858085024085
0.6602999265618301,0.29488391230979427,-1.8476918269240126,1.444587159388004,-0.6538044508792187
0.6602999265618301,0.29488391230979427,0.649189020270599,1.444587159388004,-0.6555254824484062
0.6602999265618301,0.29488391230979427,-1.8476918269240126,-1.2305742468860774,-0.658962807595207
0.6602999265618301,-3.391164991562634,0.649189020270599,1.444587159388004,-0.6606835320723481
0.6602999265618301,-3.391164991562634,0.649189020270599,-1.2305742468860774,-0.6624025894783795
0.6602999265618301,-3.391164991562634,-1.8476918269240126,1.444587159388004,-0.6641202430350559
0.6602999265618301,0.29488391230979427,-1.3483156574850903,1.444587159388004,-0.6675606829726137
0.6602999265618301,0.29488391230979427,-0.8489394880461679,1.444587159388004,-0.6692803984330307
0.6602999265618301,0.29488391230979427,0.1498128508316767,1.444587159388004,-0.6521810307105267
0.6602999265618301,0.29488391230979427,0.649189020270599,1.3554151125122011,-0.6538989036186645
0.6602999265618301,0.29488391230979427,0.649189020270599,1.2662430656363985,-0.6556184874682045
0.6602999265618301,0.29488391230979427,0.649189020270599,1.0878989718847931,-0.6590566022802675
0.6602999265618301,0.29488391230979427,0.649189020270599,0.9987269250089903,-0.6607755719457141
0.6602999265618301,0.29488391230979427,0.649189020270599,0.9095548781331876,-0.6624969106069483
0.6602999265618301,0.29488391230979427,0.649189020270599,0.7312107843815822,-0.6659346744566728
0.6602999265618301,0.29488391230979427,0.649189020270599,0.5528666906299768,-0.6693734473231212
0.6602999265618301,0.29488391230979427,0.649189020270599,0.28535055000256865,-0.6539922157305091
0.6602999265618301,0.29488391230979427,0.649189020270599,0.19617850312676596,-0.6557111415256636
0.6602999265618301,0.29488391230979427,0.649189020270599,0.10700645625096325,-0.6574301989316952
0.6602999265618301,0.29488391230979427,0.649189020270599,0.01783440937516054,-0.6591487298942185
0.6602999265618301,0.29488391230979427,0.649189020270599,-0.16050968437644486,-0.6625879853338827
0.6602999265618301,0.29488391230979427,0.649189020270599,-0.24968173125224757,-0.6643074375725456
0.6602999265618301,0.29488391230979427,0.649189020270599,-0.3388537781280503,-0.6660287323634871
0.6602999265618301,0.29488391230979427,0.649189020270599,-0.428025825003853,-0.6677467807527947
0.6602999265618301,0.29488391230979427,0.649189020270599,-0.5171978718796557,-0.6489256356661328
0.6602999265618301,0.29488391230979427,0.649189020270599,-0.6063699187554584,-0.650646228532397
0.6602999265618301,0.29488391230979427,0.649189020270599,-0.7847140125070639,-0.6540860981561543
0.6602999265618301,0.29488391230979427,0.649189020270599,-0.8738860593828666,-0.6558051994324783
0.6602999265618301,0.29488391230979427,0.649189020270599,-1.052230153134472,-0.6592427878010331
0.6602999265618301,0.29488391230979427,0.1498128508316767,-1.2305742468860774,-0.6626827012950827
0.6602999265618301,0.29488391230979427,-1.3483156574850903,-1.2305742468860774,-0.6472998903719458
0.6602999265618301,0.29488391230979427,-1.8476918269240126,-1.1414022000102746,-0.6490199567947017
0.6602999265618301,0.29488391230979427,-1.8476918269240126,-1.052230153134472,-0.6507387948492712
0.6602999265618301,0.29488391230979427,-1.8476918269240126,-0.9630581062586693,-0.652457501292964
0.6602999265618301,0.29488391230979427,-1.8476918269240126,-0.8738860593828666,-0.6541778748077662
0.8259849367439985,0.29488391230979427,-1.8476918269240126,1.444587159388004,-0.8179451497350836
0.8259849367439985,0.29488391230979427,0.649189020270599,1.444587159388004,-0.8198097249008655
0.8259849367439985,0.29488391230979427,-1.8476918269240126,-1.2305742468860774,-0.8235329088726682
0.8259849367439985,-3.391164991562634,0.649189020270599,1.444587159388004,-0.8253965188920178
0.8259849367439985,-3.391164991562634,0.649189020270599,-1.2305742468860774,-0.8272585495808426
0.8259849367439985,-3.391164991562634,-1.8476918269240126,1.444587159388004,-0.8291189131985578
0.8259849367439985,0.29488391230979427,-1.3483156574850903,1.444587159388004,-0.8328450803502411
0.8259849367439985,0.29488391230979427,-0.8489394880461679,1.444587159388004,-0.8347077252231588
0.8259849367439985,0.29488391230979427,0.1498128508316767,1.444587159388004,-0.8163616076621449
0.8259849367439985,0.29488391230979427,0.649189020270599,1.3554151125122011,-0.8182232873886307
0.8259849367439985,0.29488391230979427,0.649189020270599,1.2662430656363985,-0.8200855812992098
0.8259849367439985,0.29488391230979427,0.649189020270599,1.0878989718847931,-0.8238094233253977
0.8259849367439985,0.29488391230979427,0.649189020270599,0.9987269250089903,-0.8256717172359769
0.8259849367439985,0.29488391230979427,0.649189020270599,0.9095548781331876,-0.8275360730502966
0.8259849367439985,0.29488391230979427,0.649189020270599,0.7312107843815822,-0.831259344762684
0.8259849367439985,0.29488391230979427,0.649189020270599,0.5528666906299768,-0.8349834938809186
0.8259849367439985,0.29488391230979427,0.649189020270599,0.28535055000256865,-0.8184993631384369
0.8259849367439985,0.29488391230979427,0.649189020270599,0.19617850312676596,-0.8203608235134612
0.8259849367439985,0.29488391230979427,0.649189020270599,0.10700645625096325,-0.8222232929052096
0.8259849367439985,0.29488391230979427,0.649189020270599,0.01783440937516054,-0.8240840513555564
0.8259849367439985,0.29488391230979427,0.649189020270599,-0.16050968437644486,-0.8278091656202226
0.8259849367439985,0.29488391230979427,0.649189020270599,-0.24968173125224757,-0.8296712401793398
0.8259849367439985,0.29488391230979427,0.649189020270599,-0.3388537781280503,-0.8315354205124903
0.8259849367439985,0.29488391230979427,0.649189020270599,-0.428025825003853,-0.8333960034816674
0.8259849367439985,0.29488391230979427,0.649189020270599,-0.5171978718796557,-0.813186100420134
0.8259849367439985,0.29488391230979427,0.649189020270599,-0.6063699187554584,-0.8150495788286068
0.8259849367439985,0.29488391230979427,0.649189020270599,-0.7847140125070639,-0.8187758337208746
0.8259849367439985,0.29488391230979427,0.649189020270599,-0.8738860593828666,-0.8206374695770681
0.8259849367439985,0.29488391230979427,0.649189020270599,-1.052230153134472,-0.8243607412894556
0.8259849367439985,0.29488391230979427,0.1498128508316767,-1.2305742468860774,-0.8280864697382148
0.8259849367439985,0.29488391230979427,-1.3483156574850903,-1.2305742468860774,-0.8116001893514077
0.8259849367439985,0.29488391230979427,-1.8476918269240126,-1.1414022000102746,-0.8134633606678339
0.8259849367439985,0.29488391230979427,-1.8476918269240126,-1.052230153134472,-0.815325654578413
0.8259849367439985,0.29488391230979427,-1.8476918269240126,-0.9630581062586693,-0.8171866323802214
0.8259849367439985,0.29488391230979427,-1.8476918269240126,-0.8738860593828666,-0.819049277253139
0.9906566060636166,0.29488391230979427,-1.8476918269240126,1.444587159388004,-0.9820448298675946
0.9906566060636166,0.29488391230979427,0.649189020270599,1.444587159388004,-0.9840386469146616
0.9906566060636166,0.29488391230979427,-1.8476918269240126,-1.2305742468860774,-0.988021060444005
0.9906566060636166,-3.391164991562634,0.649189020270599,1.444587159388004,-0.9900149652316569
0.9906566060636166,-3.391164991562634,0.649189020270599,-1.2305742468860774,-0.992006237801767
0.9906566060636166,-3.391164991562634,-1.8476918269240126,1.444587159388004,-0.9939966329660305
0.9906566060636166,0.29488391230979427,-1.3483156574850903,1.444587159388004,-0.9979815909723306
0.9906566060636166,0.29488391230979427,-0.8489394880461679,1.444587159388004,-0.9999743990026736
0.9906566060636166,0.29488391230979427,0.1498128508316767,1.444587159388004,-0.980319630620633
0.9906566060636166,0.29488391230979427,0.649189020270599,1.3554151125122011,-0.982311341893667
0.9906566060636166,0.29488391230979427,0.649189020270599,1.2662430656363985,-0.9843030531667005
0.9906566060636166,0.29488391230979427,0.649189020270599,1.0878989718847931,-0.988286914415692
0.9906566060636166,0.29488391230979427,0.649189020270599,0.9987269250089903,-0.990278625688726
0.9906566060636166,0.29488391230979427,0.649189020270599,0.9095548781331876,-0.9922731885307632
0.9906566060636166,0.29488391230979427,0.649189020270599,0.7312107843815822,-0.9962546369136746
0.9906566060636166,0.29488391230979427,0.649189020270599,0.5528666906299768,-1.0002381472003272
0.9906566060636166,0.29488391230979427,0.649189020270599,0.28535055000256865,-0.98257601136746
0.9906566060636166,0.29488391230979427,0.649189020270599,0.19617850312676596,-0.9845673278078627
0.9906566060636166,0.29488391230979427,0.649189020270599,0.10700645625096325,-0.9865584248968037
0.9906566060636166,0.29488391230979427,0.649189020270599,0.01783440937516054,-0.9885492587639905
0.9906566060636166,0.29488391230979427,0.649189020270599,-0.16050968437644486,-0.9925342606405829
0.9906566060636166,0.29488391230979427,0.649189020270599,-0.24968173125224757,-0.9945254454701086
0.9906566060636166,0.29488391230979427,0.649189020270599,-0.3388537781280503,-0.9965196134795146
0.9906566060636166,0.29488391230979427,0.649189020270599,-0.428025825003853,-0.9985100086437777
0.9906566060636166,0.29488391230979427,0.649189020270599,-0.5171978718796557,-0.976861774177009
0.9906566060636166,0.29488391230979427,0.649189020270599,-0.6063699187554584,-0.9788549331696905
0.9906566060636166,0.29488391230979427,0.649189020270599,-0.7847140125070639,-0.9828408563224226
0.9906566060636166,0.29488391230979427,0.649189020270599,-0.8738860593828666,-0.9848321288925331
0.9906566060636166,0.29488391230979427,0.649189020270599,-1.052230153134472,-0.9888143669407072
0.9906566060636166,0.29488391230979427,0.1498128508316767,-1.2305742468860774,-0.9928000268716852
0.9906566060636166,0.29488391230979427,-1.3483156574850903,-1.2305742468860774,-0.9751350394698147
0.9906566060636166,0.29488391230979427,-1.8476918269240126,-1.1414022000102746,-0.9771285055545429
0.9906566060636166,0.29488391230979427,-1.8476918269240126,-1.052230153134472,-0.979119997476115
0.9906566060636166,0.29488391230979427,-1.8476918269240126,-0.9630581062586693,-0.9811098223265776
0.9906566060636166,0.29488391230979427,-1.8476918269240126,-0.8738860593828666,-0.9831029813192591
1.15626585737124,0.29488391230979427,-1.8476918269240126,1.444587159388004,-1.144581674705159
1.15626585737124,0.29488391230979427,0.649189020270599,1.444587159388004,-1.147250743292194
1.15626585737124,0.29488391230979427,-1.8476918269240126,-1.2305742468860774,-1.1525820367006558
1.15626585737124,-3.391164991562634,0.649189020270599,1.444587159388004,-1.155251017547106
1.15626585737124,-3.391164991562634,0.649189020270599,-1.2305742468860774,-1.1579167519919216
1.15626585737124,-3.391164991562634,-1.8476918269240126,1.444587159388004,-1.1605813458091356
1.15626585737124,0.29488391230979427,-1.3483156574850903,1.444587159388004,-1.16591509595397
1.15626585737124,0.29488391230979427,-0.8489394880461679,1.444587159388004,-1.1685828484322336
1.15626585737124,0.29488391230979427,0.1498128508316767,1.444587159388004,-1.1426701583265548
1.15626585737124,0.29488391230979427,0.649189020270599,1.3554151125122011,-1.1453362437337093
1.15626585737124,0.29488391230979427,0.649189020270599,1.2662430656363985,-1.1480021536596943
1.15626585737124,0.29488391230979427,0.649189020270599,1.0878989718847931,-1.153335508971897
1.15626585737124,0.29488391230979427,0.649189020270599,0.9987269250089903,-1.156002252433437
1.15626585737124,0.29488391230979427,0.649189020270599,0.9095548781331876,-1.1586707945769634
1.15626585737124,0.29488391230979427,0.649189020270599,0.7312107843815822,-1.1640019125042562
1.15626585737124,0.29488391230979427,0.649189020270599,0.5528666906299768,-1.169334785243243
1.15626585737124,0.29488391230979427,0.649189020270599,0.28535055000256865,-1.1460886631179341
1.15626585737124,0.29488391230979427,0.649189020270599,0.19617850312676596,-1.1487535640271949
1.15626585737124,0.29488391230979427,0.649189020270599,0.10700645625096325,-1.1514207900619509
1.15626585737124,0.29488391230979427,0.649189020270599,0.01783440937516054,-1.1540862612850125
1.15626585737124,0.29488391230979427,0.649189020270599,-0.16050968437644486,-1.159420099170431
1.15626585737124,0.29488391230979427,0.649189020270599,-0.24968173125224757,-1.1620860968370006
1.15626585737124,0.29488391230979427,0.649189020270599,-0.3388537781280503,-1.1647547267211122
1.15626585737124,0.29488391230979427,0.649189020270599,-0.428025825003853,-1.1674196715006653
1.15626585737124,0.29488391230979427,0.649189020270599,-0.5171978718796557,-1.1388386586029215
1.15626585737124,0.29488391230979427,0.649189020270599,-0.6063699187554584,-1.141506235600016
1.15626585737124,0.29488391230979427,0.649189020270599,-0.7847140125070639,-1.1468414334644976
1.15626585737124,0.29488391230979427,0.649189020270599,-0.8738860593828666,-1.149506992428144
1.15626585737124,0.29488391230979427,0.649189020270599,-1.052230153134472,-1.1548381542257289
1.15626585737124,0.29488391230979427,0.1498128508316767,-1.2305742468860774,-1.1601733520902104
1.15626585737124,0.29488391230979427,-1.3483156574850903,-1.2305742468860774,-1.1369247293582376
1.15626585737124,0.29488391230979427,-1.8476918269240126,-1.1414022000102746,-1.1395933592423486
1.15626585737124,0.29488391230979427,-1.8476918269240126,-1.052230153134472,-1.1422586549842408
1.15626585737124,0.29488391230979427,-1.8476918269240126,-0.9630581062586693,-1.1449228978391164
1.15626585737124,0.29488391230979427,-1.8476918269240126,-0.8738860593828666,-1.1475917909449818
1.3213425114865744,0.29488391230979427,-1.8476918269240126,1.444587159388004,-1.3074998839941883
1.3213425114865744,0.29488391230979427,0.649189020270599,1.444587159388004,-1.3119698280825014
1.3213425114865744,0.29488391230979427,-1.8476918269240126,-1.2305742468860774,-1.3209026970123507
1.3213425114865744,-3.391164991562634,0.649189020270599,1.444587159388004,-1.3253737378579726
1.3213425114865744,-3.391164991562634,0.649189020270599,-1.2305742468860774,-1.3298408303772828
1.3213425114865744,-3.391164991562634,-1.8476918269240126,1.444587159388004,-1.334305948733437
1.3213425114865744,0.29488391230979427,-1.3483156574850903,1.444587159388004,-1.3432414498808274
1.3213425114865744,0.29488391230979427,-0.8489394880461679,1.444587159388004,-1.3477098585089082
1.3213425114865744,0.29488391230979427,0.1498128508316767,1.444587159388004,-1.3040929170896987
1.3213425114865744,0.29488391230979427,0.649189020270599,1.3554151125122011,-1.3085602289604708
1.3213425114865744,0.29488391230979427,0.649189020270599,1.2662430656363985,-1.3130268389065645
1.3213425114865744,0.29488391230979427,0.649189020270599,1.0878989718847931,-1.3219626032757095
1.3213425114865744,0.29488391230979427,0.649189020270599,0.9987269250089903,-1.326429739665312
1.3213425114865744,0.29488391230979427,0.649189020270599,0.9095548781331876,-1.3309000347159645
1.3213425114865744,0.29488391230979427,0.649189020270599,0.7312107843815822,-1.3398322894617205
1.3213425114865744,0.29488391230979427,0.649189020270599,0.5528666906299768,-1.3487677906091116
1.3213425114865744,0.29488391230979427,0.649189020270599,0.28535055000256865,-1.3096183804121353
1.3213425114865744,0.29488391230979427,0.649189020270599,0.19617850312676596,-1.3140839374712125
1.3213425114865744,0.29488391230979427,0.649189020270599,0.10700645625096325,-1.3185516880449084
1.3213425114865744,0.29488391230979427,0.649189020270599,0.01783440937516054,-1.3230189999156798
1.3213425114865744,0.29488391230979427,0.649189020270599,-0.16050968437644486,-1.3319546765442405
1.3213425114865744,0.29488391230979427,0.649189020270599,-0.24968173125224757,-1.336421988415012
1.3213425114865744,0.29488391230979427,0.649189020270599,-0.3388537781280503,-1.3408908796163088
1.3213425114865744,0.29488391230979427,0.649189020270599,-0.428025825003853,-1.3453575773029876
1.3213425114865744,0.29488391230979427,0.649189020270599,-0.5171978718796557,-1.2972715253310194
1.3213425114865744,0.29488391230979427,0.649189020270599,-0.6063699187554584,-1.3017388372017915
1.3213425114865744,0.29488391230979427,0.649189020270599,-0.7847140125070639,-1.3106760931608767
1.3213425114865744,0.29488391230979427,0.649189020270599,-0.8738860593828666,-1.3151431856801863
1.3213425114865744,0.29488391230979427,0.649189020270599,-1.052230153134472,-1.3240767126644213
1.3213425114865744,0.29488391230979427,0.1498128508316767,-1.2305742468860774,-1.3330130912176592
1.3213425114865744,0.29488391230979427,-1.3483156574850903,-1.2305742468860774,-1.2938606101002181
1.3213425114865744,0.29488391230979427,-1.8476918269240126,-1.1414022000102746,-1.298330992891455
1.3213425114865744,0.29488391230979427,-1.8476918269240126,-1.052230153134472,-1.3027974273563798
1.3213425114865744,0.29488391230979427,-1.8476918269240126,-0.9630581062586693,-1.307262984415457
1.3213425114865744,0.29488391230979427,-1.8476918269240126,-0.8738860593828666,-1.3117329285037702
1.4864947487018028,0.29488391230979427,-1.8476918269240126,1.444587159388004,-1.4701182837052456
1.4864947487018028,0.29488391230979427,0.649189020270599,1.444587159388004,-1.476289079028262
1.4864947487018028,0.29488391230979427,-1.8476918269240126,-1.2305742468860774,-1.4886214569128995
1.4864947487018028,-3.391164991562634,0.649189020270599,1.444587159388004,-1.4947922522359158
1.4864947487018028,-3.391164991562634,0.649189020270599,-1.2305742468860774,-1.5009595379355438
1.4864947487018028,-3.391164991562634,-1.8476918269240126,1.444587159388004,-1.5071235772335372
1.4864947487018028,0.29488391230979427,-1.3483156574850903,1.444587159388004,-1.519459420871271
1.4864947487018028,0.29488391230979427,-0.8489394880461679,1.444587159388004,-1.5256293387884405
1.4864947487018028,0.29488391230979427,0.1498128508316767,1.444587159388004,-1.465387750080328
1.4864947487018028,0.29488391230979427,0.649189020270599,1.3554151125122011,-1.47155529900171
1.4864947487018028,0.29488391230979427,0.649189020270599,1.2662430656363985,-1.4777236375883542
1.4864947487018028,0.29488391230979427,0.649189020270599,1.0878989718847931,-1.4900582089876098
1.4864947487018028,0.29488391230979427,0.649189020270599,0.9987269250089903,-1.4962241785784671
1.4864947487018028,0.29488391230979427,0.649189020270599,0.9095548781331876,-1.5023954126044072
1.4864947487018028,0.29488391230979427,0.649189020270599,0.7312107843815822,-1.514728053710799
1.4864947487018028,0.29488391230979427,0.649189020270599,0.5528666906299768,-1.5270638973485329
1.4864947487018028,0.29488391230979427,0.649189020270599,0.28535055000256865,-1.4729898136915107
1.4864947487018028,0.29488391230979427,0.649189020270599,0.19617850312676596,-1.4791568800396766
1.4864947487018028,0.29488391230979427,0.649189020270599,0.10700645625096325,-1.4853263592539223
1.4864947487018028,0.29488391230979427,0.649189020270599,0.01783440937516054,-1.4914927675477028
1.4864947487018028,0.29488391230979427,0.649189020270599,-0.16050968437644486,-1.5038295324615765
1.4864947487018028,0.29488391230979427,0.649189020270599,-0.24968173125224757,-1.5099968181612042
1.4864947487018028,0.29488391230979427,0.649189020270599,-0.3388537781280503,-1.5161645425637558
1.4864947487018028,0.29488391230979427,0.649189020270599,-0.428025825003853,-1.5223311702089979
1.4864947487018028,0.29488391230979427,0.649189020270599,-0.5171978718796557,-1.4559227345041814
1.4864947487018028,0.29488391230979427,0.649189020270599,-0.6063699187554584,-1.4620900202038092
1.4864947487018028,0.29488391230979427,0.649189020270599,-0.7847140125070639,-1.4744276625235302
1.4864947487018028,0.29488391230979427,0.649189020270599,-0.8738860593828666,-1.4805942901687725
1.4864947487018028,0.29488391230979427,0.649189020270599,-1.052230153134472,-1.4929273261077958
1.4864947487018028,0.29488391230979427,0.1498128508316767,-1.2305742468860774,-1.5052645297245923
1.4864947487018028,0.29488391230979427,-1.3483156574850903,-1.2305742468860774,-1.4511889106073372
1.4864947487018028,0.29488391230979427,-1.8476918269240126,-1.1414022000102746,-1.4573590478759686
1.4864947487018028,0.29488391230979427,-1.8476918269240126,-1.052230153134472,-1.4635244032827324
1.4864947487018028,0.29488391230979427,-1.8476918269240126,-0.9630581062586693,-1.469690329003297
1.4864947487018028,0.29488391230979427,-1.8476918269240126,-0.8738860593828666,-1.4758602469204665
1.6510852101326954,0.29488391230979427,-1.8476918269240126,1.444587159388004,-1.6287526028158494
1.6510852101326954,0.29488391230979427,0.649189020270599,1.444587159388004,-1.6371846923584372
1.6510852101326954,0.29488391230979427,-1.8476918269240126,-1.2305742468860774,-1.6540343942471343
1.6510852101326954,-3.391164991562634,0.649189020270599,1.444587159388004,-1.6624642902751041
1.6510852101326954,-3.391164991562634,0.649189020270599,-1.2305742468860774,-1.6708906766796852
1.6510852101326954,-3.391164991562634,-1.8476918269240126,1.444587159388004,-1.679314211515263
1.6510852101326954,0.29488391230979427,-1.3483156574850903,1.444587159388004,-1.6961678617302722
1.6510852101326954,0.29488391230979427,-0.8489394880461679,1.444587159388004,-1.7045975384067802
1.6510852101326954,0.29488391230979427,0.1498128508316767,1.444587159388004,-1.6228259456698026
1.6510852101326954,0.29488391230979427,0.649189020270599,1.3554151125122011,-1.6312531656099392
1.6510852101326954,0.29488391230979427,0.649189020270599,1.2662430656363985,-1.6396795958848127
1.6510852101326954,0.29488391230979427,0.649189020270599,1.0878989718847931,-1.6565341235056688
1.6510852101326954,0.29488391230979427,0.649189020270599,0.9987269250089903,-1.664958535747094
1.6510852101326954,0.29488391230979427,0.649189020270599,0.9095548781331876,-1.6733895285323728
1.6510852101326954,0.29488391230979427,0.649189020270599,0.7312107843815822,-1.69023923042107
1.6510852101326954,0.29488391230979427,0.649189020270599,0.5528666906299768,-1.7070946354477736
1.6510852101326954,0.29488391230979427,0.649189020270599,0.28535055000256865,-1.6337527193873038
1.6510852101326954,0.29488391230979427,0.649189020270599,0.19617850312676596,-1.642177131628729
1.6510852101326954,0.29488391230979427,0.649189020270599,0.10700645625096325,-1.6506057115479282
1.6510852101326954,0.29488391230979427,0.649189020270599,0.01783440937516054,-1.6590316592495857
1.6510852101326954,0.29488391230979427,0.649189020270599,-0.16050968437644486,-1.6758866255733655
1.6510852101326954,0.29488391230979427,0.649189020270599,-0.24968173125224757,-1.6843132313294087
1.6510852101326954,0.29488391230979427,0.649189020270599,-0.3388537781280503,-1.6927389596796043
1.6510852101326954,0.29488391230979427,0.649189020270599,-0.428025825003853,-1.701166881544418
1.6510852101326954,0.29488391230979427,0.649189020270599,-0.5171978718796557,-1.6109708765660153
1.6510852101326954,0.29488391230979427,0.649189020270599,-0.6063699187554584,-1.619396166213288
1.6510852101326954,0.29488391230979427,0.649189020270599,-0.7847140125070639,-1.6362515712399914
1.6510852101326954,0.29488391230979427,0.649189020270599,-0.8738860593828666,-1.6446786156989577
1.6510852101326954,0.29488391230979427,0.649189020270599,-1.052230153134472,-1.6615291949935023
1.6510852101326954,0.29488391230979427,0.1498128508316767,-1.2305742468860774,-1.6783848193716677
1.6510852101326954,0.29488391230979427,-1.3483156574850903,-1.2305742468860774,-1.6050378582275773
1.6510852101326954,0.29488391230979427,-1.8476918269240126,-1.1414022000102746,-1.6134686755316865
1.6510852101326954,0.29488391230979427,-1.8476918269240126,-1.052230153134472,-1.6218941406601282
1.6510852101326954,0.29488391230979427,-1.8476918269240126,-0.9630581062586693,-1.6303183335500915
1.6510852101326954,0.29488391230979427,-1.8476918269240126,-0.8738860593828666,-1.6387473521722138
