Time,NodeLabel,X,Y,Z,U3,RF3_GLOBAL
0.0,1,-13.75,-10.0,150.0,0.0,-224.2386
0.0,2,-13.75,15.0,150.0,0.0,-224.2386
0.0,3,-13.75,15.0,0.0,0.0,-224.2386
0.0,4,-13.75,-10.0,0.0,0.0,-224.2386
0.0,5,-38.75,15.0,150.0,0.0,-224.2386
0.0,6,-38.75,15.0,0.0,0.0,-224.2386
0.0,7,-38.75,-10.0,150.0,0.0,-224.2386
0.0,8,-38.75,-10.0,0.0,0.0,-224.2386
0.0,9,-13.75,-5.0,150.0,0.0,-224.2386
0.0,10,-13.75,0.0,150.0,0.0,-224.2386
0.0,11,-13.75,5.0,150.0,0.0,-224.2386
0.0,12,-13.75,10.0,150.0,0.0,-224.2386
0.0,13,-13.75,15.0,145.0,0.0,-224.2386
0.0,14,-13.75,15.0,140.0,0.0,-224.2386
0.0,15,-13.75,15.0,135.0,0.0,-224.2386
0.0,16,-13.75,15.0,130.0,0.0,-224.2386
0.0,17,-13.75,15.0,125.0,0.0,-224.2386
0.0,18,-13.75,15.0,120.0,0.0,-224.2386
0.0,19,-13.75,15.0,115.0,0.0,-224.2386
0.0,20,-13.75,15.0,110.0,0.0,-224.2386
0.0,21,-13.75,15.0,105.0,0.0,-224.2386
0.0,22,-13.75,15.0,100.0,0.0,-224.2386
0.0,23,-13.75,15.0,95.0,0.0,-224.2386
0.0,24,-13.75,15.0,90.0,0.0,-224.2386
0.0,25,-13.75,15.0,85.0,0.0,-224.2386
0.0,26,-13.75,15.0,80.0,0.0,-224.2386
0.0,27,-13.75,15.0,75.0,0.0,-224.2386
0.0,28,-13.75,15.0,70.0,0.0,-224.2386
0.0,29,-13.75,15.0,65.0,0.0,-224.2386
0.0,30,-13.75,15.0,60.0,0.0,-224.2386
0.0,31,-13.75,15.0,55.0,0.0,-224.2386
0.0,32,-13.75,15.0,50.0,0.0,-224.2386
0.0,33,-13.75,15.0,45.0,0.0,-224.2386
0.0,34,-13.75,15.0,40.0,0.0,-224.2386
0.0,35,-13.75,15.0,35.0,0.0,-224.2386
0.0,36,-13.75,15.0,30.0,0.0,-224.2386
0.0,37,-13.75,15.0,25.0,0.0,-224.2386
0.0,38,-13.75,15.0,20.0,0.0,-224.2386
0.0,39,-13.75,15.0,15.0,0.0,-224.2386
0.0,40,-13.75,15.0,10.0,0.0,-224.2386
0.0,41,-13.75,15.0,5.0,0.0,-224.2386
0.0,42,-13.75,10.0,0.0,0.0,-224.2386
0.0,43,-13.75,5.0,0.0,0.0,-224.2386
0.0,44,-13.75,0.0,0.0,0.0,-224.2386
0.0,45,-13.75,-5.0,0.0,0.0,-224.2386
0.0,46,-13.75,-10.0,5.0,0.0,-224.2386
0.0,47,-13.75,-10.0,10.0,0.0,-224.2386
0.0,48,-13.75,-10.0,15.0,0.0,-224.2386
0.0,49,-13.75,-10.0,20.0,0.0,-224.2386
0.0,50,-13.75,-10.0,25.0,0.0,-224.2386
0.00351808872073889,1,-13.75,-10.0,150.0,-3.769376,-16024.171
0.00351808872073889,2,-13.75,15.0,150.0,-3.7693765,-16024.171
0.00351808872073889,3,-13.75,15.0,0.0,-3.7693777,-16024.171
0.00351808872073889,4,-13.75,-10.0,0.0,-3.7693782,-16024.171
0.00351808872073889,5,-38.75,15.0,150.0,-3.7693791,-16024.171
0.00351808872073889,6,-38.75,15.0,0.0,-3.7693799,-16024.171
0.00351808872073889,7,-38.75,-10.0,150.0,-3.7693803,-16024.171
0.00351808872073889,8,-38.75,-10.0,0.0,-3.7693813,-16024.171
0.00351808872073889,9,-13.75,-5.0,150.0,-3.7693832,-16024.171
0.00351808872073889,10,-13.75,0.0,150.0,-3.7693849,-16024.171
0.00351808872073889,11,-13.75,5.0,150.0,-3.769385,-16024.171
0.00351808872073889,12,-13.75,10.0,150.0,-3.769376,-16024.171
0.00351808872073889,13,-13.75,15.0,145.0,-3.7693768,-16024.171
0.00351808872073889,14,-13.75,15.0,140.0,-3.7693777,-16024.171
0.00351808872073889,15,-13.75,15.0,135.0,-3.7693784,-16024.171
0.00351808872073889,16,-13.75,15.0,130.0,-3.769379,-16024.171
0.00351808872073889,17,-13.75,15.0,125.0,-3.7693796,-16024.171
0.00351808872073889,18,-13.75,15.0,120.0,-3.7693808,-16024.171
0.00351808872073889,19,-13.75,15.0,115.0,-3.7693818,-16024.171
0.00351808872073889,20,-13.75,15.0,110.0,-3.7693834,-16024.171
0.00351808872073889,21,-13.75,15.0,105.0,-3.769385,-16024.171
0.00351808872073889,22,-13.75,15.0,100.0,-3.7693853,-16024.171
0.00351808872073889,23,-13.75,15.0,95.0,-3.7693758,-16024.171
0.00351808872073889,24,-13.75,15.0,90.0,-3.7693765,-16024.171
0.00351808872073889,25,-13.75,15.0,85.0,-3.7693775,-16024.171
0.00351808872073889,26,-13.75,15.0,80.0,-3.7693791,-16024.171
0.00351808872073889,27,-13.75,15.0,75.0,-3.7693794,-16024.171
0.00351808872073889,28,-13.75,15.0,70.0,-3.7693799,-16024.171
0.00351808872073889,29,-13.75,15.0,65.0,-3.7693815,-16024.171
0.00351808872073889,30,-13.75,15.0,60.0,-3.7693825,-16024.171
0.00351808872073889,31,-13.75,15.0,55.0,-3.7693834,-16024.171
0.00351808872073889,32,-13.75,15.0,50.0,-3.7693846,-16024.171
0.00351808872073889,33,-13.75,15.0,45.0,-3.769385,-16024.171
0.00351808872073889,34,-13.75,15.0,40.0,-3.7693758,-16024.171
0.00351808872073889,35,-13.75,15.0,35.0,-3.769377,-16024.171
0.00351808872073889,36,-13.75,15.0,30.0,-3.7693777,-16024.171
0.00351808872073889,37,-13.75,15.0,25.0,-3.769379,-16024.171
0.00351808872073889,38,-13.75,15.0,20.0,-3.7693796,-16024.171
0.00351808872073889,39,-13.75,15.0,15.0,-3.7693806,-16024.171
0.00351808872073889,40,-13.75,15.0,10.0,-3.7693818,-16024.171
0.00351808872073889,41,-13.75,15.0,5.0,-3.7693825,-16024.171
0.00351808872073889,42,-13.75,10.0,0.0,-3.769384,-16024.171
0.00351808872073889,43,-13.75,5.0,0.0,-3.7693841,-16024.171
0.00351808872073889,44,-13.75,0.0,0.0,-3.7693849,-16024.171
0.00351808872073889,45,-13.75,-5.0,0.0,-3.769376,-16024.171
0.00351808872073889,46,-13.75,-10.0,5.0,-3.7693772,-16024.171
0.00351808872073889,47,-13.75,-10.0,10.0,-3.7693777,-16024.171
0.00351808872073889,48,-13.75,-10.0,15.0,-3.769379,-16024.171
0.00351808872073889,49,-13.75,-10.0,20.0,-3.7693808,-16024.171
0.00351808872073889,50,-13.75,-10.0,25.0,-3.7693806,-16024.171
0.00700317695736885,1,-13.75,-10.0,150.0,-7.503273,-17122.586
0.00700317695736885,2,-13.75,15.0,150.0,-7.5033016,-17122.586
0.00700317695736885,3,-13.75,15.0,0.0,-7.5033374,-17122.586
0.00700317695736885,4,-13.75,-10.0,0.0,-7.5033665,-17122.586
0.00700317695736885,5,-38.75,15.0,150.0,-7.5034013,-17122.586
0.00700317695736885,6,-38.75,15.0,0.0,-7.50343,-17122.586
0.00700317695736885,7,-38.75,-10.0,150.0,-7.5034647,-17122.586
0.00700317695736885,8,-38.75,-10.0,0.0,-7.503495,-17122.586
0.00700317695736885,9,-13.75,-5.0,150.0,-7.503527,-17122.586
0.00700317695736885,10,-13.75,0.0,150.0,-7.50356,-17122.586
0.00700317695736885,11,-13.75,5.0,150.0,-7.503594,-17122.586
0.00700317695736885,12,-13.75,10.0,150.0,-7.5032697,-17122.586
0.00700317695736885,13,-13.75,15.0,145.0,-7.5032997,-17122.586
0.00700317695736885,14,-13.75,15.0,140.0,-7.503331,-17122.586
0.00700317695736885,15,-13.75,15.0,135.0,-7.5033627,-17122.586
0.00700317695736885,16,-13.75,15.0,130.0,-7.503395,-17122.586
0.00700317695736885,17,-13.75,15.0,125.0,-7.5034246,-17122.586
0.00700317695736885,18,-13.75,15.0,120.0,-7.5034604,-17122.586
0.00700317695736885,19,-13.75,15.0,115.0,-7.5034914,-17122.586
0.00700317695736885,20,-13.75,15.0,110.0,-7.503522,-17122.586
0.00700317695736885,21,-13.75,15.0,105.0,-7.5035524,-17122.586
0.00700317695736885,22,-13.75,15.0,100.0,-7.5035853,-17122.586
0.00700317695736885,23,-13.75,15.0,95.0,-7.503264,-17122.586
0.00700317695736885,24,-13.75,15.0,90.0,-7.503295,-17122.586
0.00700317695736885,25,-13.75,15.0,85.0,-7.5033255,-17122.586
0.00700317695736885,26,-13.75,15.0,80.0,-7.503355,-17122.586
0.00700317695736885,27,-13.75,15.0,75.0,-7.5033875,-17122.586
0.00700317695736885,28,-13.75,15.0,70.0,-7.5034194,-17122.586
0.00700317695736885,29,-13.75,15.0,65.0,-7.503453,-17122.586
0.00700317695736885,30,-13.75,15.0,60.0,-7.5034847,-17122.586
0.00700317695736885,31,-13.75,15.0,55.0,-7.503519,-17122.586
0.00700317695736885,32,-13.75,15.0,50.0,-7.5035486,-17122.586
0.00700317695736885,33,-13.75,15.0,45.0,-7.503579,-17122.586
0.00700317695736885,34,-13.75,15.0,40.0,-7.5032573,-17122.586
0.00700317695736885,35,-13.75,15.0,35.0,-7.5032883,-17122.586
0.00700317695736885,36,-13.75,15.0,30.0,-7.5033183,-17122.586
0.00700317695736885,37,-13.75,15.0,25.0,-7.5033536,-17122.586
0.00700317695736885,38,-13.75,15.0,20.0,-7.503386,-17122.586
0.00700317695736885,39,-13.75,15.0,15.0,-7.5034165,-17122.586
0.00700317695736885,40,-13.75,15.0,10.0,-7.5034494,-17122.586
0.00700317695736885,41,-13.75,15.0,5.0,-7.503481,-17122.586
0.00700317695736885,42,-13.75,10.0,0.0,-7.503511,-17122.586
0.00700317695736885,43,-13.75,5.0,0.0,-7.503544,-17122.586
0.00700317695736885,44,-13.75,0.0,0.0,-7.5035706,-17122.586
0.00700317695736885,45,-13.75,-5.0,0.0,-7.503253,-17122.586
0.00700317695736885,46,-13.75,-10.0,5.0,-7.503285,-17122.586
0.00700317695736885,47,-13.75,-10.0,10.0,-7.5033164,-17122.586
0.00700317695736885,48,-13.75,-10.0,15.0,-7.503344,-17122.586
0.00700317695736885,49,-13.75,-10.0,20.0,-7.503381,-17122.586
0.00700317695736885,50,-13.75,-10.0,25.0,-7.5034122,-17122.586
0.0105213662609458,1,-13.75,-10.0,150.0,-11.271355,-19745.967
0.0105213662609458,2,-13.75,15.0,150.0,-11.271938,-19745.967
0.0105213662609458,3,-13.75,15.0,0.0,-11.27252,-19745.967
0.0105213662609458,4,-13.75,-10.0,0.0,-11.273102,-19745.967
0.0105213662609458,5,-38.75,15.0,150.0,-11.273689,-19745.967
0.0105213662609458,6,-38.75,15.0,0.0,-11.274271,-19745.967
0.0105213662609458,7,-38.75,-10.0,150.0,-11.274856,-19745.967
0.0105213662609458,8,-38.75,-10.0,0.0,-11.27544,-19745.967
0.0105213662609458,9,-13.75,-5.0,150.0,-11.276019,-19745.967
0.0105213662609458,10,-13.75,0.0,150.0,-11.2766075,-19745.967
0.0105213662609458,11,-13.75,5.0,150.0,-11.277189,-19745.967
0.0105213662609458,12,-13.75,10.0,150.0,-11.271076,-19745.967
0.0105213662609458,13,-13.75,15.0,145.0,-11.271662,-19745.967
0.0105213662609458,14,-13.75,15.0,140.0,-11.27224,-19745.967
0.0105213662609458,15,-13.75,15.0,135.0,-11.272823,-19745.967
0.0105213662609458,16,-13.75,15.0,130.0,-11.273407,-19745.967
0.0105213662609458,17,-13.75,15.0,125.0,-11.273989,-19745.967
0.0105213662609458,18,-13.75,15.0,120.0,-11.274576,-19745.967
0.0105213662609458,19,-13.75,15.0,115.0,-11.27516,-19745.967
0.0105213662609458,20,-13.75,15.0,110.0,-11.27574,-19745.967
0.0105213662609458,21,-13.75,15.0,105.0,-11.276327,-19745.967
0.0105213662609458,22,-13.75,15.0,100.0,-11.276911,-19745.967
0.0105213662609458,23,-13.75,15.0,95.0,-11.270799,-19745.967
0.0105213662609458,24,-13.75,15.0,90.0,-11.271381,-19745.967
0.0105213662609458,25,-13.75,15.0,85.0,-11.271961,-19745.967
0.0105213662609458,26,-13.75,15.0,80.0,-11.272545,-19745.967
0.0105213662609458,27,-13.75,15.0,75.0,-11.273125,-19745.967
0.0105213662609458,28,-13.75,15.0,70.0,-11.273715,-19745.967
0.0105213662609458,29,-13.75,15.0,65.0,-11.274294,-19745.967
0.0105213662609458,30,-13.75,15.0,60.0,-11.274878,-19745.967
0.0105213662609458,31,-13.75,15.0,55.0,-11.275465,-19745.967
0.0105213662609458,32,-13.75,15.0,50.0,-11.276046,-19745.967
0.0105213662609458,33,-13.75,15.0,45.0,-11.2766285,-19745.967
0.0105213662609458,34,-13.75,15.0,40.0,-11.270515,-19745.967
0.0105213662609458,35,-13.75,15.0,35.0,-11.271099,-19745.967
0.0105213662609458,36,-13.75,15.0,30.0,-11.27168,-19745.967
0.0105213662609458,37,-13.75,15.0,25.0,-11.272266,-19745.967
0.0105213662609458,38,-13.75,15.0,20.0,-11.272849,-19745.967
0.0105213662609458,39,-13.75,15.0,15.0,-11.273434,-19745.967
0.0105213662609458,40,-13.75,15.0,10.0,-11.274017,-19745.967
0.0105213662609458,41,-13.75,15.0,5.0,-11.274603,-19745.967
0.0105213662609458,42,-13.75,10.0,0.0,-11.275179,-19745.967
0.0105213662609458,43,-13.75,5.0,0.0,-11.275764,-19745.967
0.0105213662609458,44,-13.75,0.0,0.0,-11.276348,-19745.967
0.0105213662609458,45,-13.75,-5.0,0.0,-11.270233,-19745.967
0.0105213662609458,46,-13.75,-10.0,5.0,-11.27082,-19745.967
0.0105213662609458,47,-13.75,-10.0,10.0,-11.271403,-19745.967
0.0105213662609458,48,-13.75,-10.0,15.0,-11.27198,-19745.967
0.0105213662609458,49,-13.75,-10.0,20.0,-11.272573,-19745.967
0.0105213662609458,50,-13.75,-10.0,25.0,-11.273159,-19745.967
0.0140079716220498,1,-13.75,-10.0,150.0,-14.996559,-15758.312
0.0140079716220498,2,-13.75,15.0,150.0,-15.002289,-15758.312
0.0140079716220498,3,-13.75,15.0,0.0,-15.008017,-15758.312
0.0140079716220498,4,-13.75,-10.0,0.0,-15.013744,-15758.312
0.0140079716220498,5,-38.75,15.0,150.0,-15.019478,-15758.312
0.0140079716220498,6,-38.75,15.0,0.0,-15.025206,-15758.312
0.0140079716220498,7,-38.75,-10.0,150.0,-15.030928,-15758.312
0.0140079716220498,8,-38.75,-10.0,0.0,-15.036665,-15758.312
0.0140079716220498,9,-13.75,-5.0,150.0,-15.042385,-15758.312
0.0140079716220498,10,-13.75,0.0,150.0,-15.0481205,-15758.312
0.0140079716220498,11,-13.75,5.0,150.0,-15.05385,-15758.312
0.0140079716220498,12,-13.75,10.0,150.0,-14.993223,-15758.312
0.0140079716220498,13,-13.75,15.0,145.0,-14.998955,-15758.312
0.0140079716220498,14,-13.75,15.0,140.0,-15.004683,-15758.312
0.0140079716220498,15,-13.75,15.0,135.0,-15.010412,-15758.312
0.0140079716220498,16,-13.75,15.0,130.0,-15.016138,-15758.312
0.0140079716220498,17,-13.75,15.0,125.0,-15.02186,-15758.312
0.0140079716220498,18,-13.75,15.0,120.0,-15.027592,-15758.312
0.0140079716220498,19,-13.75,15.0,115.0,-15.033329,-15758.312
0.0140079716220498,20,-13.75,15.0,110.0,-15.039051,-15758.312
0.0140079716220498,21,-13.75,15.0,105.0,-15.044786,-15758.312
0.0140079716220498,22,-13.75,15.0,100.0,-15.0505085,-15758.312
0.0140079716220498,23,-13.75,15.0,95.0,-14.989887,-15758.312
0.0140079716220498,24,-13.75,15.0,90.0,-14.995615,-15758.312
0.0140079716220498,25,-13.75,15.0,85.0,-15.001347,-15758.312
0.0140079716220498,26,-13.75,15.0,80.0,-15.007074,-15758.312
0.0140079716220498,27,-13.75,15.0,75.0,-15.0128,-15758.312
0.0140079716220498,28,-13.75,15.0,70.0,-15.0185375,-15758.312
0.0140079716220498,29,-13.75,15.0,65.0,-15.02426,-15758.312
0.0140079716220498,30,-13.75,15.0,60.0,-15.029987,-15758.312
0.0140079716220498,31,-13.75,15.0,55.0,-15.035717,-15758.312
0.0140079716220498,32,-13.75,15.0,50.0,-15.0414505,-15758.312
0.0140079716220498,33,-13.75,15.0,45.0,-15.047174,-15758.312
0.0140079716220498,34,-13.75,15.0,40.0,-14.986553,-15758.312
0.0140079716220498,35,-13.75,15.0,35.0,-14.992279,-15758.312
0.0140079716220498,36,-13.75,15.0,30.0,-14.998003,-15758.312
0.0140079716220498,37,-13.75,15.0,25.0,-15.00374,-15758.312
0.0140079716220498,38,-13.75,15.0,20.0,-15.009464,-15758.312
0.0140079716220498,39,-13.75,15.0,15.0,-15.015198,-15758.312
0.0140079716220498,40,-13.75,15.0,10.0,-15.0209255,-15758.312
0.0140079716220498,41,-13.75,15.0,5.0,-15.026661,-15758.312
0.0140079716220498,42,-13.75,10.0,0.0,-15.032377,-15758.312
0.0140079716220498,43,-13.75,5.0,0.0,-15.038107,-15758.312
0.0140079716220498,44,-13.75,0.0,0.0,-15.043835,-15758.312
0.0140079716220498,45,-13.75,-5.0,0.0,-14.983206,-15758.312
0.0140079716220498,46,-13.75,-10.0,5.0,-14.988945,-15758.312
0.0140079716220498,47,-13.75,-10.0,10.0,-14.994673,-15758.312
0.0140079716220498,48,-13.75,-10.0,15.0,-15.000393,-15758.312
0.0140079716220498,49,-13.75,-10.0,20.0,-15.006136,-15758.312
0.0140079716220498,50,-13.75,-10.0,25.0,-15.011862,-15758.312
0.0175024326890707,1,-13.75,-10.0,150.0,-18.732738,-15851.356
0.0175024326890707,2,-13.75,15.0,150.0,-18.73841,-15851.356
0.0175024326890707,3,-13.75,15.0,0.0,-18.744083,-15851.356
0.0175024326890707,4,-13.75,-10.0,0.0,-18.749744,-15851.356
0.0175024326890707,5,-38.75,15.0,150.0,-18.755424,-15851.356
0.0175024326890707,6,-38.75,15.0,0.0,-18.7611,-15851.356
0.0175024326890707,7,-38.75,-10.0,150.0,-18.766762,-15851.356
0.0175024326890707,8,-38.75,-10.0,0.0,-18.772446,-15851.356
0.0175024326890707,9,-13.75,-5.0,150.0,-18.77811,-15851.356
0.0175024326890707,10,-13.75,0.0,150.0,-18.783777,-15851.356
0.0175024326890707,11,-13.75,5.0,150.0,-18.789455,-15851.356
0.0175024326890707,12,-13.75,10.0,150.0,-18.731037,-15851.356
0.0175024326890707,13,-13.75,15.0,145.0,-18.73671,-15851.356
0.0175024326890707,14,-13.75,15.0,140.0,-18.742382,-15851.356
0.0175024326890707,15,-13.75,15.0,135.0,-18.748055,-15851.356
0.0175024326890707,16,-13.75,15.0,130.0,-18.753727,-15851.356
0.0175024326890707,17,-13.75,15.0,125.0,-18.759384,-15851.356
0.0175024326890707,18,-13.75,15.0,120.0,-18.76506,-15851.356
0.0175024326890707,19,-13.75,15.0,115.0,-18.770748,-15851.356
0.0175024326890707,20,-13.75,15.0,110.0,-18.776405,-15851.356
0.0175024326890707,21,-13.75,15.0,105.0,-18.782085,-15851.356
0.0175024326890707,22,-13.75,15.0,100.0,-18.78775,-15851.356
0.0175024326890707,23,-13.75,15.0,95.0,-18.72933,-15851.356
0.0175024326890707,24,-13.75,15.0,90.0,-18.735,-15851.356
0.0175024326890707,25,-13.75,15.0,85.0,-18.740673,-15851.356
0.0175024326890707,26,-13.75,15.0,80.0,-18.74635,-15851.356
0.0175024326890707,27,-13.75,15.0,75.0,-18.752018,-15851.356
0.0175024326890707,28,-13.75,15.0,70.0,-18.75769,-15851.356
0.0175024326890707,29,-13.75,15.0,65.0,-18.76336,-15851.356
0.0175024326890707,30,-13.75,15.0,60.0,-18.769032,-15851.356
0.0175024326890707,31,-13.75,15.0,55.0,-18.774704,-15851.356
0.0175024326890707,32,-13.75,15.0,50.0,-18.78038,-15851.356
0.0175024326890707,33,-13.75,15.0,45.0,-18.78605,-15851.356
0.0175024326890707,34,-13.75,15.0,40.0,-18.727634,-15851.356
0.0175024326890707,35,-13.75,15.0,35.0,-18.7333,-15851.356
0.0175024326890707,36,-13.75,15.0,30.0,-18.73897,-15851.356
0.0175024326890707,37,-13.75,15.0,25.0,-18.744646,-15851.356
0.0175024326890707,38,-13.75,15.0,20.0,-18.75032,-15851.356
0.0175024326890707,39,-13.75,15.0,15.0,-18.755993,-15851.356
0.0175024326890707,40,-13.75,15.0,10.0,-18.761662,-15851.356
0.0175024326890707,41,-13.75,15.0,5.0,-18.767345,-15851.356
0.0175024326890707,42,-13.75,10.0,0.0,-18.773003,-15851.356
0.0175024326890707,43,-13.75,5.0,0.0,-18.778671,-15851.356
0.0175024326890707,44,-13.75,0.0,0.0,-18.784344,-15851.356
0.0175024326890707,45,-13.75,-5.0,0.0,-18.725918,-15851.356
0.0175024326890707,46,-13.75,-10.0,5.0,-18.731602,-15851.356
0.0175024326890707,47,-13.75,-10.0,10.0,-18.737274,-15851.356
0.0175024326890707,48,-13.75,-10.0,15.0,-18.742935,-15851.356
0.0175024326890707,49,-13.75,-10.0,20.0,-18.748623,-15851.356
0.0175024326890707,50,-13.75,-10.0,25.0,-18.754288,-15851.356
0.0210000108927488,1,-13.75,-10.0,150.0,-22.475271,-15660.571
0.0210000108927488,2,-13.75,15.0,150.0,-22.481724,-15660.571
0.0210000108927488,3,-13.75,15.0,0.0,-22.488178,-15660.571
0.0210000108927488,4,-13.75,-10.0,0.0,-22.494616,-15660.571
0.0210000108927488,5,-38.75,15.0,150.0,-22.501066,-15660.571
0.0210000108927488,6,-38.75,15.0,0.0,-22.507526,-15660.571
0.0210000108927488,7,-38.75,-10.0,150.0,-22.513968,-15660.571
0.0210000108927488,8,-38.75,-10.0,0.0,-22.520435,-15660.571
0.0210000108927488,9,-13.75,-5.0,150.0,-22.526869,-15660.571
0.0210000108927488,10,-13.75,0.0,150.0,-22.533318,-15660.571
0.0210000108927488,11,-13.75,5.0,150.0,-22.53978,-15660.571
0.0210000108927488,12,-13.75,10.0,150.0,-22.47377,-15660.571
0.0210000108927488,13,-13.75,15.0,145.0,-22.480217,-15660.571
0.0210000108927488,14,-13.75,15.0,140.0,-22.486664,-15660.571
0.0210000108927488,15,-13.75,15.0,135.0,-22.493124,-15660.571
0.0210000108927488,16,-13.75,15.0,130.0,-22.499578,-15660.571
0.0210000108927488,17,-13.75,15.0,125.0,-22.50601,-15660.571
0.0210000108927488,18,-13.75,15.0,120.0,-22.512463,-15660.571
0.0210000108927488,19,-13.75,15.0,115.0,-22.51893,-15660.571
0.0210000108927488,20,-13.75,15.0,110.0,-22.525372,-15660.571
0.0210000108927488,21,-13.75,15.0,105.0,-22.531826,-15660.571
0.0210000108927488,22,-13.75,15.0,100.0,-22.53827,-15660.571
0.0210000108927488,23,-13.75,15.0,95.0,-22.472258,-15660.571
0.0210000108927488,24,-13.75,15.0,90.0,-22.47871,-15660.571
0.0210000108927488,25,-13.75,15.0,85.0,-22.485157,-15660.571
0.0210000108927488,26,-13.75,15.0,80.0,-22.491611,-15660.571
0.0210000108927488,27,-13.75,15.0,75.0,-22.498066,-15660.571
0.0210000108927488,28,-13.75,15.0,70.0,-22.504505,-15660.571
0.0210000108927488,29,-13.75,15.0,65.0,-22.510963,-15660.571
0.0210000108927488,30,-13.75,15.0,60.0,-22.51741,-15660.571
0.0210000108927488,31,-13.75,15.0,55.0,-22.523857,-15660.571
0.0210000108927488,32,-13.75,15.0,50.0,-22.53032,-15660.571
0.0210000108927488,33,-13.75,15.0,45.0,-22.536772,-15660.571
0.0210000108927488,34,-13.75,15.0,40.0,-22.470757,-15660.571
0.0210000108927488,35,-13.75,15.0,35.0,-22.4772,-15660.571
0.0210000108927488,36,-13.75,15.0,30.0,-22.483658,-15660.571
0.0210000108927488,37,-13.75,15.0,25.0,-22.490114,-15660.571
0.0210000108927488,38,-13.75,15.0,20.0,-22.49656,-15660.571
0.0210000108927488,39,-13.75,15.0,15.0,-22.503014,-15660.571
0.0210000108927488,40,-13.75,15.0,10.0,-22.509462,-15660.571
0.0210000108927488,41,-13.75,15.0,5.0,-22.515915,-15660.571
0.0210000108927488,42,-13.75,10.0,0.0,-22.522354,-15660.571
0.0210000108927488,43,-13.75,5.0,0.0,-22.528801,-15660.571
0.0210000108927488,44,-13.75,0.0,0.0,-22.535254,-15660.571
0.0210000108927488,45,-13.75,-5.0,0.0,-22.469238,-15660.571
0.0210000108927488,46,-13.75,-10.0,5.0,-22.475702,-15660.571
0.0210000108927488,47,-13.75,-10.0,10.0,-22.482153,-15660.571
0.0210000108927488,48,-13.75,-10.0,15.0,-22.48859,-15660.571
0.0210000108927488,49,-13.75,-10.0,20.0,-22.49506,-15660.571
0.0210000108927488,50,-13.75,-10.0,25.0,-22.501507,-15660.571
0.0245055910199881,1,-13.75,-10.0,150.0,-26.235687,-15378.84
0.0245055910199881,2,-13.75,15.0,150.0,-26.244537,-15378.84
0.0245055910199881,3,-13.75,15.0,0.0,-26.253395,-15378.84
0.0245055910199881,4,-13.75,-10.0,0.0,-26.262234,-15378.84
0.0245055910199881,5,-38.75,15.0,150.0,-26.271086,-15378.84
0.0245055910199881,6,-38.75,15.0,0.0,-26.27994,-15378.84
0.0245055910199881,7,-38.75,-10.0,150.0,-26.288784,-15378.84
0.0245055910199881,8,-38.75,-10.0,0.0,-26.29765,-15378.84
0.0245055910199881,9,-13.75,-5.0,150.0,-26.306477,-15378.84
0.0245055910199881,10,-13.75,0.0,150.0,-26.31533,-15378.84
0.0245055910199881,11,-13.75,5.0,150.0,-26.324192,-15378.84
0.0245055910199881,12,-13.75,10.0,150.0,-26.230904,-15378.84
0.0245055910199881,13,-13.75,15.0,145.0,-26.239735,-15378.84
0.0245055910199881,14,-13.75,15.0,140.0,-26.248592,-15378.84
0.0245055910199881,15,-13.75,15.0,135.0,-26.257452,-15378.84
0.0245055910199881,16,-13.75,15.0,130.0,-26.266304,-15378.84
0.0245055910199881,17,-13.75,15.0,125.0,-26.275131,-15378.84
0.0245055910199881,18,-13.75,15.0,120.0,-26.283993,-15378.84
0.0245055910199881,19,-13.75,15.0,115.0,-26.292856,-15378.84
0.0245055910199881,20,-13.75,15.0,110.0,-26.301708,-15378.84
0.0245055910199881,21,-13.75,15.0,105.0,-26.31055,-15378.84
0.0245055910199881,22,-13.75,15.0,100.0,-26.319395,-15378.84
0.0245055910199881,23,-13.75,15.0,95.0,-26.226105,-15378.84
0.0245055910199881,24,-13.75,15.0,90.0,-26.234951,-15378.84
0.0245055910199881,25,-13.75,15.0,85.0,-26.243801,-15378.84
0.0245055910199881,26,-13.75,15.0,80.0,-26.252655,-15378.84
0.0245055910199881,27,-13.75,15.0,75.0,-26.261501,-15378.84
0.0245055910199881,28,-13.75,15.0,70.0,-26.270351,-15378.84
0.0245055910199881,29,-13.75,15.0,65.0,-26.279202,-15378.84
0.0245055910199881,30,-13.75,15.0,60.0,-26.28805,-15378.84
0.0245055910199881,31,-13.75,15.0,55.0,-26.296904,-15378.84
0.0245055910199881,32,-13.75,15.0,50.0,-26.305769,-15378.84
0.0245055910199881,33,-13.75,15.0,45.0,-26.31461,-15378.84
0.0245055910199881,34,-13.75,15.0,40.0,-26.221313,-15378.84
0.0245055910199881,35,-13.75,15.0,35.0,-26.230162,-15378.84
0.0245055910199881,36,-13.75,15.0,30.0,-26.239012,-15378.84
0.0245055910199881,37,-13.75,15.0,25.0,-26.247871,-15378.84
0.0245055910199881,38,-13.75,15.0,20.0,-26.25672,-15378.84
0.0245055910199881,39,-13.75,15.0,15.0,-26.265564,-15378.84
0.0245055910199881,40,-13.75,15.0,10.0,-26.274412,-15378.84
0.0245055910199881,41,-13.75,15.0,5.0,-26.283272,-15378.84
0.0245055910199881,42,-13.75,10.0,0.0,-26.29211,-15378.84
0.0245055910199881,43,-13.75,5.0,0.0,-26.30095,-15378.84
0.0245055910199881,44,-13.75,0.0,0.0,-26.30981,-15378.84
0.0245055910199881,45,-13.75,-5.0,0.0,-26.21651,-15378.84
0.0245055910199881,46,-13.75,-10.0,5.0,-26.225368,-15378.84
0.0245055910199881,47,-13.75,-10.0,10.0,-26.234215,-15378.84
0.0245055910199881,48,-13.75,-10.0,15.0,-26.243053,-15378.84
0.0245055910199881,49,-13.75,-10.0,20.0,-26.251926,-15378.84
0.0245055910199881,50,-13.75,-10.0,25.0,-26.260773,-15378.84
0.0280123651027679,1,-13.75,-10.0,150.0,-30.027386,-15279.9795
0.0280123651027679,2,-13.75,15.0,150.0,-30.035254,-15279.9795
0.0280123651027679,3,-13.75,15.0,0.0,-30.043121,-15279.9795
0.0280123651027679,4,-13.75,-10.0,0.0,-30.050983,-15279.9795
0.0280123651027679,5,-38.75,15.0,150.0,-30.058851,-15279.9795
0.0280123651027679,6,-38.75,15.0,0.0,-30.066723,-15279.9795
0.0280123651027679,7,-38.75,-10.0,150.0,-30.074575,-15279.9795
0.0280123651027679,8,-38.75,-10.0,0.0,-30.08246,-15279.9795
0.0280123651027679,9,-13.75,-5.0,150.0,-30.090305,-15279.9795
0.0280123651027679,10,-13.75,0.0,150.0,-30.098175,-15279.9795
0.0280123651027679,11,-13.75,5.0,150.0,-30.106054,-15279.9795
0.0280123651027679,12,-13.75,10.0,150.0,-30.016705,-15279.9795
0.0280123651027679,13,-13.75,15.0,145.0,-30.024548,-15279.9795
0.0280123651027679,14,-13.75,15.0,140.0,-30.032417,-15279.9795
0.0280123651027679,15,-13.75,15.0,135.0,-30.040295,-15279.9795
0.0280123651027679,16,-13.75,15.0,130.0,-30.048166,-15279.9795
0.0280123651027679,17,-13.75,15.0,125.0,-30.056011,-15279.9795
0.0280123651027679,18,-13.75,15.0,120.0,-30.06388,-15279.9795
0.0280123651027679,19,-13.75,15.0,115.0,-30.071762,-15279.9795
0.0280123651027679,20,-13.75,15.0,110.0,-30.079632,-15279.9795
0.0280123651027679,21,-13.75,15.0,105.0,-30.087484,-15279.9795
0.0280123651027679,22,-13.75,15.0,100.0,-30.095352,-15279.9795
0.0280123651027679,23,-13.75,15.0,95.0,-30.006,-15279.9795
0.0280123651027679,24,-13.75,15.0,90.0,-30.013863,-15279.9795
0.0280123651027679,25,-13.75,15.0,85.0,-30.021729,-15279.9795
0.0280123651027679,26,-13.75,15.0,80.0,-30.029598,-15279.9795
0.0280123651027679,27,-13.75,15.0,75.0,-30.037458,-15279.9795
0.0280123651027679,28,-13.75,15.0,70.0,-30.045326,-15279.9795
0.0280123651027679,29,-13.75,15.0,65.0,-30.053196,-15279.9795
0.0280123651027679,30,-13.75,15.0,60.0,-30.061056,-15279.9795
0.0280123651027679,31,-13.75,15.0,55.0,-30.068924,-15279.9795
0.0280123651027679,32,-13.75,15.0,50.0,-30.076813,-15279.9795
0.0280123651027679,33,-13.75,15.0,45.0,-30.08466,-15279.9795
0.0280123651027679,34,-13.75,15.0,40.0,-29.995302,-15279.9795
0.0280123651027679,35,-13.75,15.0,35.0,-30.003166,-15279.9795
0.0280123651027679,36,-13.75,15.0,30.0,-30.011024,-15279.9795
0.0280123651027679,37,-13.75,15.0,25.0,-30.018913,-15279.9795
0.0280123651027679,38,-13.75,15.0,20.0,-30.026772,-15279.9795
0.0280123651027679,39,-13.75,15.0,15.0,-30.034641,-15279.9795
0.0280123651027679,40,-13.75,15.0,10.0,-30.042503,-15279.9795
0.0280123651027679,41,-13.75,15.0,5.0,-30.05038,-15279.9795
0.0280123651027679,42,-13.75,10.0,0.0,-30.058228,-15279.9795
0.0280123651027679,43,-13.75,5.0,0.0,-30.066086,-15279.9795
0.0280123651027679,44,-13.75,0.0,0.0,-30.073967,-15279.9795
0.0280123651027679,45,-13.75,-5.0,0.0,-29.984598,-15279.9795
0.0280123651027679,46,-13.75,-10.0,5.0,-29.992474,-15279.9795
0.0280123651027679,47,-13.75,-10.0,10.0,-30.000332,-15279.9795
0.0280123651027679,48,-13.75,-10.0,15.0,-30.0082,-15279.9795
0.0280123651027679,49,-13.75,-10.0,20.0,-30.016075,-15279.9795
0.0280123651027679,50,-13.75,-10.0,25.0,-30.023941,-15279.9795
0.0315011218190193,1,-13.75,-10.0,150.0,-33.805428,-14818.995
0.0315011218190193,2,-13.75,15.0,150.0,-33.81212,-14818.995
0.0315011218190193,3,-13.75,15.0,0.0,-33.818813,-14818.995
0.0315011218190193,4,-13.75,-10.0,0.0,-33.825493,-14818.995
0.0315011218190193,5,-38.75,15.0,150.0,-33.832176,-14818.995
0.0315011218190193,6,-38.75,15.0,0.0,-33.838867,-14818.995
0.0315011218190193,7,-38.75,-10.0,150.0,-33.845543,-14818.995
0.0315011218190193,8,-38.75,-10.0,0.0,-33.852253,-14818.995
0.0315011218190193,9,-13.75,-5.0,150.0,-33.858917,-14818.995
0.0315011218190193,10,-13.75,0.0,150.0,-33.865612,-14818.995
0.0315011218190193,11,-13.75,5.0,150.0,-33.872314,-14818.995
0.0315011218190193,12,-13.75,10.0,150.0,-33.787903,-14818.995
0.0315011218190193,13,-13.75,15.0,145.0,-33.79457,-14818.995
0.0315011218190193,14,-13.75,15.0,140.0,-33.80126,-14818.995
0.0315011218190193,15,-13.75,15.0,135.0,-33.80797,-14818.995
0.0315011218190193,16,-13.75,15.0,130.0,-33.814648,-14818.995
0.0315011218190193,17,-13.75,15.0,125.0,-33.82132,-14818.995
0.0315011218190193,18,-13.75,15.0,120.0,-33.828014,-14818.995
0.0315011218190193,19,-13.75,15.0,115.0,-33.83472,-14818.995
0.0315011218190193,20,-13.75,15.0,110.0,-33.8414,-14818.995
0.0315011218190193,21,-13.75,15.0,105.0,-33.848076,-14818.995
0.0315011218190193,22,-13.75,15.0,100.0,-33.854767,-14818.995
0.0315011218190193,23,-13.75,15.0,95.0,-33.77036,-14818.995
0.0315011218190193,24,-13.75,15.0,90.0,-33.777046,-14818.995
0.0315011218190193,25,-13.75,15.0,85.0,-33.783737,-14818.995
0.0315011218190193,26,-13.75,15.0,80.0,-33.79043,-14818.995
0.0315011218190193,27,-13.75,15.0,75.0,-33.797108,-14818.995
0.0315011218190193,28,-13.75,15.0,70.0,-33.803806,-14818.995
0.0315011218190193,29,-13.75,15.0,65.0,-33.810493,-14818.995
0.0315011218190193,30,-13.75,15.0,60.0,-33.817173,-14818.995
0.0315011218190193,31,-13.75,15.0,55.0,-33.823856,-14818.995
0.0315011218190193,32,-13.75,15.0,50.0,-33.83057,-14818.995
0.0315011218190193,33,-13.75,15.0,45.0,-33.837234,-14818.995
0.0315011218190193,34,-13.75,15.0,40.0,-33.75283,-14818.995
0.0315011218190193,35,-13.75,15.0,35.0,-33.759514,-14818.995
0.0315011218190193,36,-13.75,15.0,30.0,-33.76619,-14818.995
0.0315011218190193,37,-13.75,15.0,25.0,-33.772903,-14818.995
0.0315011218190193,38,-13.75,15.0,20.0,-33.779575,-14818.995
0.0315011218190193,39,-13.75,15.0,15.0,-33.786278,-14818.995
0.0315011218190193,40,-13.75,15.0,10.0,-33.792965,-14818.995
0.0315011218190193,41,-13.75,15.0,5.0,-33.79966,-14818.995
0.0315011218190193,42,-13.75,10.0,0.0,-33.806328,-14818.995
0.0315011218190193,43,-13.75,5.0,0.0,-33.813004,-14818.995
0.0315011218190193,44,-13.75,0.0,0.0,-33.819714,-14818.995
0.0315011218190193,45,-13.75,-5.0,0.0,-33.735283,-14818.995
0.0315011218190193,46,-13.75,-10.0,5.0,-33.74198,-14818.995
0.0315011218190193,47,-13.75,-10.0,10.0,-33.748665,-14818.995
0.0315011218190193,48,-13.75,-10.0,15.0,-33.755352,-14818.995
0.0315011218190193,49,-13.75,-10.0,20.0,-33.76205,-14818.995
0.0315011218190193,50,-13.75,-10.0,25.0,-33.768738,-14818.995
0.035005047917366,1,-13.75,-10.0,150.0,-37.49146,-17835.758
0.035005047917366,2,-13.75,15.0,150.0,-37.498726,-17835.758
0.035005047917366,3,-13.75,15.0,0.0,-37.505955,-17835.758
0.035005047917366,4,-13.75,-10.0,0.0,-37.513187,-17835.758
0.035005047917366,5,-38.75,15.0,150.0,-37.520412,-17835.758
0.035005047917366,6,-38.75,15.0,0.0,-37.527657,-17835.758
0.035005047917366,7,-38.75,-10.0,150.0,-37.53488,-17835.758
0.035005047917366,8,-38.75,-10.0,0.0,-37.54213,-17835.758
0.035005047917366,9,-13.75,-5.0,150.0,-37.54936,-17835.758
0.035005047917366,10,-13.75,0.0,150.0,-37.556595,-17835.758
0.035005047917366,11,-13.75,5.0,150.0,-37.56385,-17835.758
0.035005047917366,12,-13.75,10.0,150.0,-37.487038,-17835.758
0.035005047917366,13,-13.75,15.0,145.0,-37.494247,-17835.758
0.035005047917366,14,-13.75,15.0,140.0,-37.501495,-17835.758
0.035005047917366,15,-13.75,15.0,135.0,-37.508728,-17835.758
0.035005047917366,16,-13.75,15.0,130.0,-37.515976,-17835.758
0.035005047917366,17,-13.75,15.0,125.0,-37.523193,-17835.758
0.035005047917366,18,-13.75,15.0,120.0,-37.53043,-17835.758
0.035005047917366,19,-13.75,15.0,115.0,-37.53769,-17835.758
0.035005047917366,20,-13.75,15.0,110.0,-37.544918,-17835.758
0.035005047917366,21,-13.75,15.0,105.0,-37.55214,-17835.758
0.035005047917366,22,-13.75,15.0,100.0,-37.559364,-17835.758
0.035005047917366,23,-13.75,15.0,95.0,-37.48258,-17835.758
0.035005047917366,24,-13.75,15.0,90.0,-37.4898,-17835.758
0.035005047917366,25,-13.75,15.0,85.0,-37.497047,-17835.758
0.035005047917366,26,-13.75,15.0,80.0,-37.504284,-17835.758
0.035005047917366,27,-13.75,15.0,75.0,-37.511505,-17835.758
0.035005047917366,28,-13.75,15.0,70.0,-37.51876,-17835.758
0.035005047917366,29,-13.75,15.0,65.0,-37.525993,-17835.758
0.035005047917366,30,-13.75,15.0,60.0,-37.53322,-17835.758
0.035005047917366,31,-13.75,15.0,55.0,-37.540443,-17835.758
0.035005047917366,32,-13.75,15.0,50.0,-37.547707,-17835.758
0.035005047917366,33,-13.75,15.0,45.0,-37.55492,-17835.758
0.035005047917366,34,-13.75,15.0,40.0,-37.47811,-17835.758
0.035005047917366,35,-13.75,15.0,35.0,-37.485348,-17835.758
0.035005047917366,36,-13.75,15.0,30.0,-37.49259,-17835.758
0.035005047917366,37,-13.75,15.0,25.0,-37.499847,-17835.758
0.035005047917366,38,-13.75,15.0,20.0,-37.507057,-17835.758
0.035005047917366,39,-13.75,15.0,15.0,-37.51429,-17835.758
0.035005047917366,40,-13.75,15.0,10.0,-37.52153,-17835.758
0.035005047917366,41,-13.75,15.0,5.0,-37.52879,-17835.758
0.035005047917366,42,-13.75,10.0,0.0,-37.536007,-17835.758
0.035005047917366,43,-13.75,5.0,0.0,-37.54323,-17835.758
0.035005047917366,44,-13.75,0.0,0.0,-37.550476,-17835.758
0.035005047917366,45,-13.75,-5.0,0.0,-37.473656,-17835.758
0.035005047917366,46,-13.75,-10.0,5.0,-37.48089,-17835.758
0.035005047917366,47,-13.75,-10.0,10.0,-37.488136,-17835.758
0.035005047917366,48,-13.75,-10.0,15.0,-37.495377,-17835.758
0.035005047917366,49,-13.75,-10.0,20.0,-37.502605,-17835.758
0.035005047917366,50,-13.75,-10.0,25.0,-37.509834,-17835.758
0.038506805896759,1,-13.75,-10.0,150.0,-41.222694,-17839.262
0.038506805896759,2,-13.75,15.0,150.0,-41.237022,-17839.262
0.038506805896759,3,-13.75,15.0,0.0,-41.251274,-17839.262
0.038506805896759,4,-13.75,-10.0,0.0,-41.265533,-17839.262
0.038506805896759,5,-38.75,15.0,150.0,-41.279785,-17839.262
0.038506805896759,6,-38.75,15.0,0.0,-41.294064,-17839.262
0.038506805896759,7,-38.75,-10.0,150.0,-41.30832,-17839.262
0.038506805896759,8,-38.75,-10.0,0.0,-41.32262,-17839.262
0.038506805896759,9,-13.75,-5.0,150.0,-41.336887,-17839.262
0.038506805896759,10,-13.75,0.0,150.0,-41.35116,-17839.262
0.038506805896759,11,-13.75,5.0,150.0,-41.365433,-17839.262
0.038506805896759,12,-13.75,10.0,150.0,-41.215374,-17839.262
0.038506805896759,13,-13.75,15.0,145.0,-41.229614,-17839.262
0.038506805896759,14,-13.75,15.0,140.0,-41.24389,-17839.262
0.038506805896759,15,-13.75,15.0,135.0,-41.25815,-17839.262
0.038506805896759,16,-13.75,15.0,130.0,-41.272438,-17839.262
0.038506805896759,17,-13.75,15.0,125.0,-41.286682,-17839.262
0.038506805896759,18,-13.75,15.0,120.0,-41.30097,-17839.262
0.038506805896759,19,-13.75,15.0,115.0,-41.315277,-17839.262
0.038506805896759,20,-13.75,15.0,110.0,-41.32953,-17839.262
0.038506805896759,21,-13.75,15.0,105.0,-41.343773,-17839.262
0.038506805896759,22,-13.75,15.0,100.0,-41.358044,-17839.262
0.038506805896759,23,-13.75,15.0,95.0,-41.207977,-17839.262
0.038506805896759,24,-13.75,15.0,90.0,-41.22222,-17839.262
0.038506805896759,25,-13.75,15.0,85.0,-41.23652,-17839.262
0.038506805896759,26,-13.75,15.0,80.0,-41.250786,-17839.262
0.038506805896759,27,-13.75,15.0,75.0,-41.265053,-17839.262
0.038506805896759,28,-13.75,15.0,70.0,-41.27932,-17839.262
0.038506805896759,29,-13.75,15.0,65.0,-41.29359,-17839.262
0.038506805896759,30,-13.75,15.0,60.0,-41.307854,-17839.262
0.038506805896759,31,-13.75,15.0,55.0,-41.32212,-17839.262
0.038506805896759,32,-13.75,15.0,50.0,-41.33643,-17839.262
0.038506805896759,33,-13.75,15.0,45.0,-41.350677,-17839.262
0.038506805896759,34,-13.75,15.0,40.0,-41.200584,-17839.262
0.038506805896759,35,-13.75,15.0,35.0,-41.214874,-17839.262
0.038506805896759,36,-13.75,15.0,30.0,-41.229134,-17839.262
0.038506805896759,37,-13.75,15.0,25.0,-41.243435,-17839.262
0.038506805896759,38,-13.75,15.0,20.0,-41.25768,-17839.262
0.038506805896759,39,-13.75,15.0,15.0,-41.27195,-17839.262
0.038506805896759,40,-13.75,15.0,10.0,-41.28622,-17839.262
0.038506805896759,41,-13.75,15.0,5.0,-41.3005,-17839.262
0.038506805896759,42,-13.75,10.0,0.0,-41.314766,-17839.262
0.038506805896759,43,-13.75,5.0,0.0,-41.329018,-17839.262
0.038506805896759,44,-13.75,0.0,0.0,-41.343292,-17839.262
0.038506805896759,45,-13.75,-5.0,0.0,-41.19323,-17839.262
0.038506805896759,46,-13.75,-10.0,5.0,-41.207474,-17839.262
0.038506805896759,47,-13.75,-10.0,10.0,-41.221756,-17839.262
0.038506805896759,48,-13.75,-10.0,15.0,-41.236034,-17839.262
0.038506805896759,49,-13.75,-10.0,20.0,-41.250305,-17839.262
0.038506805896759,50,-13.75,-10.0,25.0,-41.264587,-17839.262
0.0420125275850296,1,-13.75,-10.0,150.0,-45.003162,-18085.592
0.0420125275850296,2,-13.75,15.0,150.0,-45.031406,-18085.592
0.0420125275850296,3,-13.75,15.0,0.0,-45.059586,-18085.592
0.0420125275850296,4,-13.75,-10.0,0.0,-45.08776,-18085.592
0.0420125275850296,5,-38.75,15.0,150.0,-45.11595,-18085.592
0.0420125275850296,6,-38.75,15.0,0.0,-45.144142,-18085.592
0.0420125275850296,7,-38.75,-10.0,150.0,-45.17231,-18085.592
0.0420125275850296,8,-38.75,-10.0,0.0,-45.200516,-18085.592
0.0420125275850296,9,-13.75,-5.0,150.0,-45.228703,-18085.592
0.0420125275850296,10,-13.75,0.0,150.0,-45.256905,-18085.592
0.0420125275850296,11,-13.75,5.0,150.0,-45.285095,-18085.592
0.0420125275850296,12,-13.75,10.0,150.0,-44.977066,-18085.592
0.0420125275850296,13,-13.75,15.0,145.0,-45.00522,-18085.592
0.0420125275850296,14,-13.75,15.0,140.0,-45.033417,-18085.592
0.0420125275850296,15,-13.75,15.0,135.0,-45.06157,-18085.592
0.0420125275850296,16,-13.75,15.0,130.0,-45.089787,-18085.592
0.0420125275850296,17,-13.75,15.0,125.0,-45.11797,-18085.592
0.0420125275850296,18,-13.75,15.0,120.0,-45.146187,-18085.592
0.0420125275850296,19,-13.75,15.0,115.0,-45.174393,-18085.592
0.0420125275850296,20,-13.75,15.0,110.0,-45.20256,-18085.592
0.0420125275850296,21,-13.75,15.0,105.0,-45.23073,-18085.592
0.0420125275850296,22,-13.75,15.0,100.0,-45.258926,-18085.592
0.0420125275850296,23,-13.75,15.0,95.0,-44.950867,-18085.592
0.0420125275850296,24,-13.75,15.0,90.0,-44.979027,-18085.592
0.0420125275850296,25,-13.75,15.0,85.0,-45.007248,-18085.592
0.0420125275850296,26,-13.75,15.0,80.0,-45.035435,-18085.592
0.0420125275850296,27,-13.75,15.0,75.0,-45.063614,-18085.592
0.0420125275850296,28,-13.75,15.0,70.0,-45.0918,-18085.592
0.0420125275850296,29,-13.75,15.0,65.0,-45.12,-18085.592
0.0420125275850296,30,-13.75,15.0,60.0,-45.148186,-18085.592
0.0420125275850296,31,-13.75,15.0,55.0,-45.17637,-18085.592
0.0420125275850296,32,-13.75,15.0,50.0,-45.204597,-18085.592
0.0420125275850296,33,-13.75,15.0,45.0,-45.232765,-18085.592
0.0420125275850296,34,-13.75,15.0,40.0,-44.92469,-18085.592
0.0420125275850296,35,-13.75,15.0,35.0,-44.952892,-18085.592
0.0420125275850296,36,-13.75,15.0,30.0,-44.981075,-18085.592
0.0420125275850296,37,-13.75,15.0,25.0,-45.0093,-18085.592
0.0420125275850296,38,-13.75,15.0,20.0,-45.037476,-18085.592
0.0420125275850296,39,-13.75,15.0,15.0,-45.065647,-18085.592
0.0420125275850296,40,-13.75,15.0,10.0,-45.093834,-18085.592
0.0420125275850296,41,-13.75,15.0,5.0,-45.122032,-18085.592
0.0420125275850296,42,-13.75,10.0,0.0,-45.150234,-18085.592
0.0420125275850296,43,-13.75,5.0,0.0,-45.1784,-18085.592
0.0420125275850296,44,-13.75,0.0,0.0,-45.206593,-18085.592
0.0420125275850296,45,-13.75,-5.0,0.0,-44.898525,-18085.592
0.0420125275850296,46,-13.75,-10.0,5.0,-44.926723,-18085.592
0.0420125275850296,47,-13.75,-10.0,10.0,-44.95491,-18085.592
0.0420125275850296,48,-13.75,-10.0,15.0,-44.983116,-18085.592
0.0420125275850296,49,-13.75,-10.0,20.0,-45.01129,-18085.592
0.0420125275850296,50,-13.75,-10.0,25.0,-45.039505,-18085.592
0.0455092862248421,1,-13.75,-10.0,150.0,-48.767902,-15017.063
0.0455092862248421,2,-13.75,15.0,150.0,-48.806,-15017.063
0.0455092862248421,3,-13.75,15.0,0.0,-48.844025,-15017.063
0.0455092862248421,4,-13.75,-10.0,0.0,-48.88205,-15017.063
0.0455092862248421,5,-38.75,15.0,150.0,-48.920105,-15017.063
0.0455092862248421,6,-38.75,15.0,0.0,-48.958153,-15017.063
0.0455092862248421,7,-38.75,-10.0,150.0,-48.996147,-15017.063
0.0455092862248421,8,-38.75,-10.0,0.0,-49.034233,-15017.063
0.0455092862248421,9,-13.75,-5.0,150.0,-49.072273,-15017.063
0.0455092862248421,10,-13.75,0.0,150.0,-49.110336,-15017.063
0.0455092862248421,11,-13.75,5.0,150.0,-49.148365,-15017.063
0.0455092862248421,12,-13.75,10.0,150.0,-48.728302,-15017.063
0.0455092862248421,13,-13.75,15.0,145.0,-48.76632,-15017.063
0.0455092862248421,14,-13.75,15.0,140.0,-48.80436,-15017.063
0.0455092862248421,15,-13.75,15.0,135.0,-48.842377,-15017.063
0.0455092862248421,16,-13.75,15.0,130.0,-48.880432,-15017.063
0.0455092862248421,17,-13.75,15.0,125.0,-48.91848,-15017.063
0.0455092862248421,18,-13.75,15.0,120.0,-48.95655,-15017.063
0.0455092862248421,19,-13.75,15.0,115.0,-48.99461,-15017.063
0.0455092862248421,20,-13.75,15.0,110.0,-49.032616,-15017.063
0.0455092862248421,21,-13.75,15.0,105.0,-49.070633,-15017.063
0.0455092862248421,22,-13.75,15.0,100.0,-49.108692,-15017.063
0.0455092862248421,23,-13.75,15.0,95.0,-48.6886,-15017.063
0.0455092862248421,24,-13.75,15.0,90.0,-48.726597,-15017.063
0.0455092862248421,25,-13.75,15.0,85.0,-48.764687,-15017.063
0.0455092862248421,26,-13.75,15.0,80.0,-48.802727,-15017.063
0.0455092862248421,27,-13.75,15.0,75.0,-48.84075,-15017.063
0.0455092862248421,28,-13.75,15.0,70.0,-48.87879,-15017.063
0.0455092862248421,29,-13.75,15.0,65.0,-48.91686,-15017.063
0.0455092862248421,30,-13.75,15.0,60.0,-48.95488,-15017.063
0.0455092862248421,31,-13.75,15.0,55.0,-48.992924,-15017.063
0.0455092862248421,32,-13.75,15.0,50.0,-49.031006,-15017.063
0.0455092862248421,33,-13.75,15.0,45.0,-49.069023,-15017.063
0.0455092862248421,34,-13.75,15.0,40.0,-48.64891,-15017.063
0.0455092862248421,35,-13.75,15.0,35.0,-48.686966,-15017.063
0.0455092862248421,36,-13.75,15.0,30.0,-48.725006,-15017.063
0.0455092862248421,37,-13.75,15.0,25.0,-48.7631,-15017.063
0.0455092862248421,38,-13.75,15.0,20.0,-48.801113,-15017.063
0.0455092862248421,39,-13.75,15.0,15.0,-48.839157,-15017.063
0.0455092862248421,40,-13.75,15.0,10.0,-48.877174,-15017.063
0.0455092862248421,41,-13.75,15.0,5.0,-48.915222,-15017.063
0.0455092862248421,42,-13.75,10.0,0.0,-48.95328,-15017.063
0.0455092862248421,43,-13.75,5.0,0.0,-48.991287,-15017.063
0.0455092862248421,44,-13.75,0.0,0.0,-49.029343,-15017.063
0.0455092862248421,45,-13.75,-5.0,0.0,-48.609253,-15017.063
0.0455092862248421,46,-13.75,-10.0,5.0,-48.6473,-15017.063
0.0455092862248421,47,-13.75,-10.0,10.0,-48.68534,-15017.063
0.0455092862248421,48,-13.75,-10.0,15.0,-48.72338,-15017.063
0.0455092862248421,49,-13.75,-10.0,20.0,-48.76143,-15017.063
0.0455092862248421,50,-13.75,-10.0,25.0,-48.799488,-15017.063
0.0490017347037792,1,-13.75,-10.0,150.0,-52.49103,-13758.588
0.0490017347037792,2,-13.75,15.0,150.0,-52.53026,-13758.588
0.0490017347037792,3,-13.75,15.0,0.0,-52.569443,-13758.588
0.0490017347037792,4,-13.75,-10.0,0.0,-52.608612,-13758.588
0.0490017347037792,5,-38.75,15.0,150.0,-52.647835,-13758.588
0.0490017347037792,6,-38.75,15.0,0.0,-52.68702,-13758.588
0.0490017347037792,7,-38.75,-10.0,150.0,-52.726173,-13758.588
0.0490017347037792,8,-38.75,-10.0,0.0,-52.765404,-13758.588
0.0490017347037792,9,-13.75,-5.0,150.0,-52.804596,-13758.588
0.0490017347037792,10,-13.75,0.0,150.0,-52.843796,-13758.588
0.0490017347037792,11,-13.75,5.0,150.0,-52.882996,-13758.588
0.0490017347037792,12,-13.75,10.0,150.0,-52.454025,-13758.588
0.0490017347037792,13,-13.75,15.0,145.0,-52.493183,-13758.588
0.0490017347037792,14,-13.75,15.0,140.0,-52.53238,-13758.588
0.0490017347037792,15,-13.75,15.0,135.0,-52.57155,-13758.588
0.0490017347037792,16,-13.75,15.0,130.0,-52.61075,-13758.588
0.0490017347037792,17,-13.75,15.0,125.0,-52.649933,-13758.588
0.0490017347037792,18,-13.75,15.0,120.0,-52.68917,-13758.588
0.0490017347037792,19,-13.75,15.0,115.0,-52.72838,-13758.588
0.0490017347037792,20,-13.75,15.0,110.0,-52.767532,-13758.588
0.0490017347037792,21,-13.75,15.0,105.0,-52.80671,-13758.588
0.0490017347037792,22,-13.75,15.0,100.0,-52.845917,-13758.588
0.0490017347037792,23,-13.75,15.0,95.0,-52.416897,-13758.588
0.0490017347037792,24,-13.75,15.0,90.0,-52.456055,-13758.588
0.0490017347037792,25,-13.75,15.0,85.0,-52.49531,-13758.588
0.0490017347037792,26,-13.75,15.0,80.0,-52.534492,-13758.588
0.0490017347037792,27,-13.75,15.0,75.0,-52.573677,-13758.588
0.0490017347037792,28,-13.75,15.0,70.0,-52.61285,-13758.588
0.0490017347037792,29,-13.75,15.0,65.0,-52.652077,-13758.588
0.0490017347037792,30,-13.75,15.0,60.0,-52.691246,-13758.588
0.0490017347037792,31,-13.75,15.0,55.0,-52.73044,-13758.588
0.0490017347037792,32,-13.75,15.0,50.0,-52.769676,-13758.588
0.0490017347037792,33,-13.75,15.0,45.0,-52.808838,-13758.588
0.0490017347037792,34,-13.75,15.0,40.0,-52.37982,-13758.588
0.0490017347037792,35,-13.75,15.0,35.0,-52.41904,-13758.588
0.0490017347037792,36,-13.75,15.0,30.0,-52.458214,-13758.588
0.0490017347037792,37,-13.75,15.0,25.0,-52.49745,-13758.588
0.0490017347037792,38,-13.75,15.0,20.0,-52.536636,-13758.588
0.0490017347037792,39,-13.75,15.0,15.0,-52.575806,-13758.588
0.0490017347037792,40,-13.75,15.0,10.0,-52.614994,-13758.588
0.0490017347037792,41,-13.75,15.0,5.0,-52.654175,-13758.588
0.0490017347037792,42,-13.75,10.0,0.0,-52.693405,-13758.588
0.0490017347037792,43,-13.75,5.0,0.0,-52.73255,-13758.588
0.0490017347037792,44,-13.75,0.0,0.0,-52.771767,-13758.588
0.0490017347037792,45,-13.75,-5.0,0.0,-52.342762,-13758.588
0.0490017347037792,46,-13.75,-10.0,5.0,-52.38197,-13758.588
0.0490017347037792,47,-13.75,-10.0,10.0,-52.42115,-13758.588
0.0490017347037792,48,-13.75,-10.0,15.0,-52.460327,-13758.588
0.0490017347037792,49,-13.75,-10.0,20.0,-52.499542,-13758.588
0.0490017347037792,50,-13.75,-10.0,25.0,-52.538765,-13758.588
0.0525131896138191,1,-13.75,-10.0,150.0,-56.23253,-11670.455
0.0525131896138191,2,-13.75,15.0,150.0,-56.275032,-11670.455
0.0525131896138191,3,-13.75,15.0,0.0,-56.317482,-11670.455
0.0525131896138191,4,-13.75,-10.0,0.0,-56.3599,-11670.455
0.0525131896138191,5,-38.75,15.0,150.0,-56.40238,-11670.455
0.0525131896138191,6,-38.75,15.0,0.0,-56.444824,-11670.455
0.0525131896138191,7,-38.75,-10.0,150.0,-56.48723,-11670.455
0.0525131896138191,8,-38.75,-10.0,0.0,-56.52971,-11670.455
0.0525131896138191,9,-13.75,-5.0,150.0,-56.572166,-11670.455
0.0525131896138191,10,-13.75,0.0,150.0,-56.614624,-11670.455
0.0525131896138191,11,-13.75,5.0,150.0,-56.65708,-11670.455
0.0525131896138191,12,-13.75,10.0,150.0,-56.196434,-11670.455
0.0525131896138191,13,-13.75,15.0,145.0,-56.23887,-11670.455
0.0525131896138191,14,-13.75,15.0,140.0,-56.28132,-11670.455
0.0525131896138191,15,-13.75,15.0,135.0,-56.323746,-11670.455
0.0525131896138191,16,-13.75,15.0,130.0,-56.366203,-11670.455
0.0525131896138191,17,-13.75,15.0,125.0,-56.408653,-11670.455
0.0525131896138191,18,-13.75,15.0,120.0,-56.45115,-11670.455
0.0525131896138191,19,-13.75,15.0,115.0,-56.49359,-11670.455
0.0525131896138191,20,-13.75,15.0,110.0,-56.53602,-11670.455
0.0525131896138191,21,-13.75,15.0,105.0,-56.578453,-11670.455
0.0525131896138191,22,-13.75,15.0,100.0,-56.62091,-11670.455
0.0525131896138191,23,-13.75,15.0,95.0,-56.160217,-11670.455
0.0525131896138191,24,-13.75,15.0,90.0,-56.20263,-11670.455
0.0525131896138191,25,-13.75,15.0,85.0,-56.245163,-11670.455
0.0525131896138191,26,-13.75,15.0,80.0,-56.287594,-11670.455
0.0525131896138191,27,-13.75,15.0,75.0,-56.330048,-11670.455
0.0525131896138191,28,-13.75,15.0,70.0,-56.372463,-11670.455
0.0525131896138191,29,-13.75,15.0,65.0,-56.414948,-11670.455
0.0525131896138191,30,-13.75,15.0,60.0,-56.457375,-11670.455
0.0525131896138191,31,-13.75,15.0,55.0,-56.49982,-11670.455
0.0525131896138191,32,-13.75,15.0,50.0,-56.542313,-11670.455
0.0525131896138191,33,-13.75,15.0,45.0,-56.584724,-11670.455
0.0525131896138191,34,-13.75,15.0,40.0,-56.12405,-11670.455
0.0525131896138191,35,-13.75,15.0,35.0,-56.166527,-11670.455
0.0525131896138191,36,-13.75,15.0,30.0,-56.208965,-11670.455
0.0525131896138191,37,-13.75,15.0,25.0,-56.251465,-11670.455
0.0525131896138191,38,-13.75,15.0,20.0,-56.2939,-11670.455
0.0525131896138191,39,-13.75,15.0,15.0,-56.336327,-11670.455
0.0525131896138191,40,-13.75,15.0,10.0,-56.37877,-11670.455
0.0525131896138191,41,-13.75,15.0,5.0,-56.421196,-11670.455
0.0525131896138191,42,-13.75,10.0,0.0,-56.463696,-11670.455
0.0525131896138191,43,-13.75,5.0,0.0,-56.50611,-11670.455
0.0525131896138191,44,-13.75,0.0,0.0,-56.548576,-11670.455
0.0525131896138191,45,-13.75,-5.0,0.0,-56.0879,-11670.455
0.0525131896138191,46,-13.75,-10.0,5.0,-56.13037,-11670.455
0.0525131896138191,47,-13.75,-10.0,10.0,-56.17282,-11670.455
0.0525131896138191,48,-13.75,-10.0,15.0,-56.21524,-11670.455
0.0525131896138191,49,-13.75,-10.0,20.0,-56.257698,-11670.455
0.0525131896138191,50,-13.75,-10.0,25.0,-56.300182,-11670.455
0.0560031682252884,1,-13.75,-10.0,150.0,-59.973095,-15052.792
0.0560031682252884,2,-13.75,15.0,150.0,-60.018543,-15052.792
0.0560031682252884,3,-13.75,15.0,0.0,-60.063957,-15052.792
0.0560031682252884,4,-13.75,-10.0,0.0,-60.10932,-15052.792
0.0560031682252884,5,-38.75,15.0,150.0,-60.15477,-15052.792
0.0560031682252884,6,-38.75,15.0,0.0,-60.20016,-15052.792
0.0560031682252884,7,-38.75,-10.0,150.0,-60.24553,-15052.792
0.0560031682252884,8,-38.75,-10.0,0.0,-60.290962,-15052.792
0.0560031682252884,9,-13.75,-5.0,150.0,-60.336365,-15052.792
0.0560031682252884,10,-13.75,0.0,150.0,-60.38179,-15052.792
0.0560031682252884,11,-13.75,5.0,150.0,-60.42717,-15052.792
0.0560031682252884,12,-13.75,10.0,150.0,-59.93377,-15052.792
0.0560031682252884,13,-13.75,15.0,145.0,-59.97917,-15052.792
0.0560031682252884,14,-13.75,15.0,140.0,-60.02457,-15052.792
0.0560031682252884,15,-13.75,15.0,135.0,-60.06996,-15052.792
0.0560031682252884,16,-13.75,15.0,130.0,-60.11538,-15052.792
0.0560031682252884,17,-13.75,15.0,125.0,-60.16078,-15052.792
0.0560031682252884,18,-13.75,15.0,120.0,-60.206245,-15052.792
0.0560031682252884,19,-13.75,15.0,115.0,-60.25163,-15052.792
0.0560031682252884,20,-13.75,15.0,110.0,-60.297,-15052.792
0.0560031682252884,21,-13.75,15.0,105.0,-60.342384,-15052.792
0.0560031682252884,22,-13.75,15.0,100.0,-60.387802,-15052.792
0.0560031682252884,23,-13.75,15.0,95.0,-59.894344,-15052.792
0.0560031682252884,24,-13.75,15.0,90.0,-59.939697,-15052.792
0.0560031682252884,25,-13.75,15.0,85.0,-59.985203,-15052.792
0.0560031682252884,26,-13.75,15.0,80.0,-60.030594,-15052.792
0.0560031682252884,27,-13.75,15.0,75.0,-60.07598,-15052.792
0.0560031682252884,28,-13.75,15.0,70.0,-60.12136,-15052.792
0.0560031682252884,29,-13.75,15.0,65.0,-60.16681,-15052.792
0.0560031682252884,30,-13.75,15.0,60.0,-60.212196,-15052.792
0.0560031682252884,31,-13.75,15.0,55.0,-60.257584,-15052.792
0.0560031682252884,32,-13.75,15.0,50.0,-60.30304,-15052.792
0.0560031682252884,33,-13.75,15.0,45.0,-60.34841,-15052.792
0.0560031682252884,34,-13.75,15.0,40.0,-59.85495,-15052.792
0.0560031682252884,35,-13.75,15.0,35.0,-59.900383,-15052.792
0.0560031682252884,36,-13.75,15.0,30.0,-59.945786,-15052.792
0.0560031682252884,37,-13.75,15.0,25.0,-59.99124,-15052.792
0.0560031682252884,38,-13.75,15.0,20.0,-60.03663,-15052.792
0.0560031682252884,39,-13.75,15.0,15.0,-60.08203,-15052.792
0.0560031682252884,40,-13.75,15.0,10.0,-60.127403,-15052.792
0.0560031682252884,41,-13.75,15.0,5.0,-60.17279,-15052.792
0.0560031682252884,42,-13.75,10.0,0.0,-60.218254,-15052.792
0.0560031682252884,43,-13.75,5.0,0.0,-60.263626,-15052.792
0.0560031682252884,44,-13.75,0.0,0.0,-60.30902,-15052.792
0.0560031682252884,45,-13.75,-5.0,0.0,-59.81559,-15052.792
0.0560031682252884,46,-13.75,-10.0,5.0,-59.86103,-15052.792
0.0560031682252884,47,-13.75,-10.0,10.0,-59.906425,-15052.792
0.0560031682252884,48,-13.75,-10.0,15.0,-59.951782,-15052.792
0.0560031682252884,49,-13.75,-10.0,20.0,-59.997215,-15052.792
0.0560031682252884,50,-13.75,-10.0,25.0,-60.042664,-15052.792
0.0595130175352097,1,-13.75,-10.0,150.0,-63.678036,-16998.984
0.0595130175352097,2,-13.75,15.0,150.0,-63.738876,-16998.984
0.0595130175352097,3,-13.75,15.0,0.0,-63.799667,-16998.984
0.0595130175352097,4,-13.75,-10.0,0.0,-63.8604,-16998.984
0.0595130175352097,5,-38.75,15.0,150.0,-63.921238,-16998.984
0.0595130175352097,6,-38.75,15.0,0.0,-63.982002,-16998.984
0.0595130175352097,7,-38.75,-10.0,150.0,-64.04274,-16998.984
0.0595130175352097,8,-38.75,-10.0,0.0,-64.103546,-16998.984
0.0595130175352097,9,-13.75,-5.0,150.0,-64.16432,-16998.984
0.0595130175352097,10,-13.75,0.0,150.0,-64.22513,-16998.984
0.0595130175352097,11,-13.75,5.0,150.0,-64.28589,-16998.984
0.0595130175352097,12,-13.75,10.0,150.0,-63.634464,-16998.984
0.0595130175352097,13,-13.75,15.0,145.0,-63.695236,-16998.984
0.0595130175352097,14,-13.75,15.0,140.0,-63.756004,-16998.984
0.0595130175352097,15,-13.75,15.0,135.0,-63.816772,-16998.984
0.0595130175352097,16,-13.75,15.0,130.0,-63.877575,-16998.984
0.0595130175352097,17,-13.75,15.0,125.0,-63.938362,-16998.984
0.0595130175352097,18,-13.75,15.0,120.0,-63.99919,-16998.984
0.0595130175352097,19,-13.75,15.0,115.0,-64.05997,-16998.984
0.0595130175352097,20,-13.75,15.0,110.0,-64.12071,-16998.984
0.0595130175352097,21,-13.75,15.0,105.0,-64.18148,-16998.984
0.0595130175352097,22,-13.75,15.0,100.0,-64.24227,-16998.984
0.0595130175352097,23,-13.75,15.0,95.0,-63.59078,-16998.984
0.0595130175352097,24,-13.75,15.0,90.0,-63.651497,-16998.984
0.0595130175352097,25,-13.75,15.0,85.0,-63.712387,-16998.984
0.0595130175352097,26,-13.75,15.0,80.0,-63.773132,-16998.984
0.0595130175352097,27,-13.75,15.0,75.0,-63.83393,-16998.984
0.0595130175352097,28,-13.75,15.0,70.0,-63.894688,-16998.984
0.0595130175352097,29,-13.75,15.0,65.0,-63.955494,-16998.984
0.0595130175352097,30,-13.75,15.0,60.0,-64.01627,-16998.984
0.0595130175352097,31,-13.75,15.0,55.0,-64.07704,-16998.984
0.0595130175352097,32,-13.75,15.0,50.0,-64.13787,-16998.984
0.0595130175352097,33,-13.75,15.0,45.0,-64.198616,-16998.984
0.0595130175352097,34,-13.75,15.0,40.0,-63.547127,-16998.984
0.0595130175352097,35,-13.75,15.0,35.0,-63.607933,-16998.984
0.0595130175352097,36,-13.75,15.0,30.0,-63.668716,-16998.984
0.0595130175352097,37,-13.75,15.0,25.0,-63.729546,-16998.984
0.0595130175352097,38,-13.75,15.0,20.0,-63.790306,-16998.984
0.0595130175352097,39,-13.75,15.0,15.0,-63.85108,-16998.984
0.0595130175352097,40,-13.75,15.0,10.0,-63.911827,-16998.984
0.0595130175352097,41,-13.75,15.0,5.0,-63.97262,-16998.984
0.0595130175352097,42,-13.75,10.0,0.0,-64.03344,-16998.984
0.0595130175352097,43,-13.75,5.0,0.0,-64.09421,-16998.984
0.0595130175352097,44,-13.75,0.0,0.0,-64.15496,-16998.984
0.0595130175352097,45,-13.75,-5.0,0.0,-63.5035,-16998.984
0.0595130175352097,46,-13.75,-10.0,5.0,-63.56433,-16998.984
0.0595130175352097,47,-13.75,-10.0,10.0,-63.625084,-16998.984
0.0595130175352097,48,-13.75,-10.0,15.0,-63.685814,-16998.984
0.0595130175352097,49,-13.75,-10.0,20.0,-63.74665,-16998.984
0.0595130175352097,50,-13.75,-10.0,25.0,-63.807465,-16998.984
0.0630115792155266,1,-13.75,-10.0,150.0,-67.39167,-16565.273
0.0630115792155266,2,-13.75,15.0,150.0,-67.49356,-16565.273
0.0630115792155266,3,-13.75,15.0,0.0,-67.5954,-16565.273
0.0630115792155266,4,-13.75,-10.0,0.0,-67.69718,-16565.273
0.0630115792155266,5,-38.75,15.0,150.0,-67.799095,-16565.273
0.0630115792155266,6,-38.75,15.0,0.0,-67.90092,-16565.273
0.0630115792155266,7,-38.75,-10.0,150.0,-68.0027,-16565.273
0.0630115792155266,8,-38.75,-10.0,0.0,-68.10456,-16565.273
0.0630115792155266,9,-13.75,-5.0,150.0,-68.20638,-16565.273
0.0630115792155266,10,-13.75,0.0,150.0,-68.308235,-16565.273
0.0630115792155266,11,-13.75,5.0,150.0,-68.41007,-16565.273
0.0630115792155266,12,-13.75,10.0,150.0,-67.31401,-16565.273
0.0630115792155266,13,-13.75,15.0,145.0,-67.41584,-16565.273
0.0630115792155266,14,-13.75,15.0,140.0,-67.517654,-16565.273
0.0630115792155266,15,-13.75,15.0,135.0,-67.61949,-16565.273
0.0630115792155266,16,-13.75,15.0,130.0,-67.72134,-16565.273
0.0630115792155266,17,-13.75,15.0,125.0,-67.823166,-16565.273
0.0630115792155266,18,-13.75,15.0,120.0,-67.925064,-16565.273
0.0630115792155266,19,-13.75,15.0,115.0,-68.02687,-16565.273
0.0630115792155266,20,-13.75,15.0,110.0,-68.12867,-16565.273
0.0630115792155266,21,-13.75,15.0,105.0,-68.230515,-16565.273
0.0630115792155266,22,-13.75,15.0,100.0,-68.33235,-16565.273
0.0630115792155266,23,-13.75,15.0,95.0,-67.23625,-16565.273
0.0630115792155266,24,-13.75,15.0,90.0,-67.33803,-16565.273
0.0630115792155266,25,-13.75,15.0,85.0,-67.43996,-16565.273
0.0630115792155266,26,-13.75,15.0,80.0,-67.54175,-16565.273
0.0630115792155266,27,-13.75,15.0,75.0,-67.64359,-16565.273
0.0630115792155266,28,-13.75,15.0,70.0,-67.74542,-16565.273
0.0630115792155266,29,-13.75,15.0,65.0,-67.8473,-16565.273
0.0630115792155266,30,-13.75,15.0,60.0,-67.949104,-16565.273
0.0630115792155266,31,-13.75,15.0,55.0,-68.050934,-16565.273
0.0630115792155266,32,-13.75,15.0,50.0,-68.1528,-16565.273
0.0630115792155266,33,-13.75,15.0,45.0,-68.254616,-16565.273
0.0630115792155266,34,-13.75,15.0,40.0,-67.15852,-16565.273
0.0630115792155266,35,-13.75,15.0,35.0,-67.26035,-16565.273
0.0630115792155266,36,-13.75,15.0,30.0,-67.36221,-16565.273
0.0630115792155266,37,-13.75,15.0,25.0,-67.46407,-16565.273
0.0630115792155266,38,-13.75,15.0,20.0,-67.565895,-16565.273
0.0630115792155266,39,-13.75,15.0,15.0,-67.66772,-16565.273
0.0630115792155266,40,-13.75,15.0,10.0,-67.76953,-16565.273
0.0630115792155266,41,-13.75,15.0,5.0,-67.87136,-16565.273
0.0630115792155266,42,-13.75,10.0,0.0,-67.97323,-16565.273
0.0630115792155266,43,-13.75,5.0,0.0,-68.07506,-16565.273
0.0630115792155266,44,-13.75,0.0,0.0,-68.17686,-16565.273
0.0630115792155266,45,-13.75,-5.0,0.0,-67.08077,-16565.273
0.0630115792155266,46,-13.75,-10.0,5.0,-67.18267,-16565.273
0.0630115792155266,47,-13.75,-10.0,10.0,-67.28448,-16565.273
0.0630115792155266,48,-13.75,-10.0,15.0,-67.38627,-16565.273
0.0630115792155266,49,-13.75,-10.0,20.0,-67.48816,-16565.273
0.0630115792155266,50,-13.75,-10.0,25.0,-67.59001,-16565.273
0.0665117427706718,1,-13.75,-10.0,150.0,-71.09847,-13097.704
0.0665117427706718,2,-13.75,15.0,150.0,-71.23913,-13097.704
0.0665117427706718,3,-13.75,15.0,0.0,-71.37971,-13097.704
0.0665117427706718,4,-13.75,-10.0,0.0,-71.52024,-13097.704
0.0665117427706718,5,-38.75,15.0,150.0,-71.6609,-13097.704
0.0665117427706718,6,-38.75,15.0,0.0,-71.80148,-13097.704
0.0665117427706718,7,-38.75,-10.0,150.0,-71.941986,-13097.704
0.0665117427706718,8,-38.75,-10.0,0.0,-72.0826,-13097.704
0.0665117427706718,9,-13.75,-5.0,150.0,-72.223175,-13097.704
0.0665117427706718,10,-13.75,0.0,150.0,-72.363815,-13097.704
0.0665117427706718,11,-13.75,5.0,150.0,-72.50437,-13097.704
0.0665117427706718,12,-13.75,10.0,150.0,-70.99064,-13097.704
0.0665117427706718,13,-13.75,15.0,145.0,-71.131226,-13097.704
0.0665117427706718,14,-13.75,15.0,140.0,-71.27183,-13097.704
0.0665117427706718,15,-13.75,15.0,135.0,-71.412384,-13097.704
0.0665117427706718,16,-13.75,15.0,130.0,-71.55299,-13097.704
0.0665117427706718,17,-13.75,15.0,125.0,-71.69354,-13097.704
0.0665117427706718,18,-13.75,15.0,120.0,-71.83421,-13097.704
0.0665117427706718,19,-13.75,15.0,115.0,-71.97476,-13097.704
0.0665117427706718,20,-13.75,15.0,110.0,-72.115326,-13097.704
0.0665117427706718,21,-13.75,15.0,105.0,-72.25591,-13097.704
0.0665117427706718,22,-13.75,15.0,100.0,-72.396515,-13097.704
0.0665117427706718,23,-13.75,15.0,95.0,-70.88272,-13097.704
0.0665117427706718,24,-13.75,15.0,90.0,-71.02329,-13097.704
0.0665117427706718,25,-13.75,15.0,85.0,-71.163925,-13097.704
0.0665117427706718,26,-13.75,15.0,80.0,-71.3045,-13097.704
0.0665117427706718,27,-13.75,15.0,75.0,-71.44513,-13097.704
0.0665117427706718,28,-13.75,15.0,70.0,-71.58569,-13097.704
0.0665117427706718,29,-13.75,15.0,65.0,-71.72628,-13097.704
0.0665117427706718,30,-13.75,15.0,60.0,-71.8669,-13097.704
0.0665117427706718,31,-13.75,15.0,55.0,-72.00748,-13097.704
0.0665117427706718,32,-13.75,15.0,50.0,-72.14807,-13097.704
0.0665117427706718,33,-13.75,15.0,45.0,-72.288635,-13097.704
0.0665117427706718,34,-13.75,15.0,40.0,-70.77489,-13097.704
0.0665117427706718,35,-13.75,15.0,35.0,-70.91547,-13097.704
0.0665117427706718,36,-13.75,15.0,30.0,-71.056046,-13097.704
0.0665117427706718,37,-13.75,15.0,25.0,-71.1967,-13097.704
0.0665117427706718,38,-13.75,15.0,20.0,-71.337265,-13097.704
0.0665117427706718,39,-13.75,15.0,15.0,-71.47783,-13097.704
0.0665117427706718,40,-13.75,15.0,10.0,-71.61839,-13097.704
0.0665117427706718,41,-13.75,15.0,5.0,-71.75897,-13097.704
0.0665117427706718,42,-13.75,10.0,0.0,-71.89961,-13097.704
0.0665117427706718,43,-13.75,5.0,0.0,-72.04018,-13097.704
0.0665117427706718,44,-13.75,0.0,0.0,-72.180756,-13097.704
0.0665117427706718,45,-13.75,-5.0,0.0,-70.666985,-13097.704
0.0665117427706718,46,-13.75,-10.0,5.0,-70.80763,-13097.704
0.0665117427706718,47,-13.75,-10.0,10.0,-70.948166,-13097.704
0.0665117427706718,48,-13.75,-10.0,15.0,-71.088715,-13097.704
0.0665117427706718,49,-13.75,-10.0,20.0,-71.229355,-13097.704
0.0665117427706718,50,-13.75,-10.0,25.0,-71.36998,-13097.704
0.0700000002980232,1,-13.75,-10.0,150.0,-74.714455,-14398.384
0.0700000002980232,2,-13.75,15.0,150.0,-74.90666,-14398.384
0.0700000002980232,3,-13.75,15.0,0.0,-75.09871,-14398.384
0.0700000002980232,4,-13.75,-10.0,0.0,-75.29074,-14398.384
0.0700000002980232,5,-38.75,15.0,150.0,-75.482895,-14398.384
0.0700000002980232,6,-38.75,15.0,0.0,-75.67497,-14398.384
0.0700000002980232,7,-38.75,-10.0,150.0,-75.86698,-14398.384
0.0700000002980232,8,-38.75,-10.0,0.0,-76.0591,-14398.384
0.0700000002980232,9,-13.75,-5.0,150.0,-76.25115,-14398.384
0.0700000002980232,10,-13.75,0.0,150.0,-76.4433,-14398.384
0.0700000002980232,11,-13.75,5.0,150.0,-76.63536,-14398.384
0.0700000002980232,12,-13.75,10.0,150.0,-74.57936,-14398.384
0.0700000002980232,13,-13.75,15.0,145.0,-74.771454,-14398.384
0.0700000002980232,14,-13.75,15.0,140.0,-74.96353,-14398.384
0.0700000002980232,15,-13.75,15.0,135.0,-75.15561,-14398.384
0.0700000002980232,16,-13.75,15.0,130.0,-75.34772,-14398.384
0.0700000002980232,17,-13.75,15.0,125.0,-75.53975,-14398.384
0.0700000002980232,18,-13.75,15.0,120.0,-75.73193,-14398.384
0.0700000002980232,19,-13.75,15.0,115.0,-75.92398,-14398.384
0.0700000002980232,20,-13.75,15.0,110.0,-76.11601,-14398.384
0.0700000002980232,21,-13.75,15.0,105.0,-76.308136,-14398.384
0.0700000002980232,22,-13.75,15.0,100.0,-76.50022,-14398.384
0.0700000002980232,23,-13.75,15.0,95.0,-74.44418,-14398.384
0.0700000002980232,24,-13.75,15.0,90.0,-74.63626,-14398.384
0.0700000002980232,25,-13.75,15.0,85.0,-74.82843,-14398.384
0.0700000002980232,26,-13.75,15.0,80.0,-75.02046,-14398.384
0.0700000002980232,27,-13.75,15.0,75.0,-75.212585,-14398.384
0.0700000002980232,28,-13.75,15.0,70.0,-75.40465,-14398.384
0.0700000002980232,29,-13.75,15.0,65.0,-75.596725,-14398.384
0.0700000002980232,30,-13.75,15.0,60.0,-75.78885,-14398.384
0.0700000002980232,31,-13.75,15.0,55.0,-75.98093,-14398.384
0.0700000002980232,32,-13.75,15.0,50.0,-76.17299,-14398.384
0.0700000002980232,33,-13.75,15.0,45.0,-76.3651,-14398.384
0.0700000002980232,34,-13.75,15.0,40.0,-74.30913,-14398.384
0.0700000002980232,35,-13.75,15.0,35.0,-74.50118,-14398.384
0.0700000002980232,36,-13.75,15.0,30.0,-74.69324,-14398.384
0.0700000002980232,37,-13.75,15.0,25.0,-74.88539,-14398.384
0.0700000002980232,38,-13.75,15.0,20.0,-75.07748,-14398.384
0.0700000002980232,39,-13.75,15.0,15.0,-75.2695,-14398.384
0.0700000002980232,40,-13.75,15.0,10.0,-75.46158,-14398.384
0.0700000002980232,41,-13.75,15.0,5.0,-75.65367,-14398.384
0.0700000002980232,42,-13.75,10.0,0.0,-75.845795,-14398.384
0.0700000002980232,43,-13.75,5.0,0.0,-76.03781,-14398.384
0.0700000002980232,44,-13.75,0.0,0.0,-76.229904,-14398.384
0.0700000002980232,45,-13.75,-5.0,0.0,-74.17389,-14398.384
0.0700000002980232,46,-13.75,-10.0,5.0,-74.366066,-14398.384
0.0700000002980232,47,-13.75,-10.0,10.0,-74.55812,-14398.384
0.0700000002980232,48,-13.75,-10.0,15.0,-74.750145,-14398.384
0.0700000002980232,49,-13.75,-10.0,20.0,-74.94228,-14398.384
0.0700000002980232,50,-13.75,-10.0,25.0,-75.13441,-14398.384
